Time [Minutes],GSR  1 [arb],EKG  1 [Arb],Manual values
0:00.00, 26049,  2350,
0:00.20, 25979,  2085,
0:00.40, 25932,  1991,
0:00.60, 25900,  1867,
0:00.80, 25900,  2094,
0:01.00, 25896,  1977,
0:01.20, 25908,  1901,
0:01.40, 25932,  2219,
0:01.60, 25973,  1893,
0:01.80, 26018,  2496,
0:02.00, 26018,  2333,
0:02.20, 26061,  2010,
0:02.40, 26099,  2068,
0:02.60, 26133,  2390,
0:02.80, 26161,  2069,
0:03.00, 26161,  2087,
0:03.20, 26181,  2076,
0:03.40, 26195,  2008,
0:03.60, 26203,  2245,
0:03.80, 26208,  1940,
0:04.00, 26211,  1387,
0:04.20, 26211,  2330,
0:04.40, 26216,  1886,
0:04.60, 26227,  2102,
0:04.80, 26240,  2070,
0:05.00, 26255,  1612,
0:05.20, 26255,  2357,
0:05.40, 26268,  1811,
0:05.60, 26280,  2240,
0:05.80, 26304,  2227,
0:06.00, 26337,  1841,
0:06.20, 26337,  2401,
0:06.40, 26376,  2074,
0:06.60, 26418,  2322,
0:06.80, 26453,  2199,
0:07.00, 26483,  2056,
0:07.20, 26514,  2081,
0:07.40, 26514,  2186,
0:07.60, 26565,  2433,
0:07.80, 26632,  2010,
0:08.00, 26703,  2179,
0:08.20, 26768,  2035,
0:08.40, 26768,  1851,
0:08.60, 26807,  2495,
0:08.80, 26823,  1836,
0:09.00, 26827,  2233,
0:09.20, 26823,  2117,
0:09.40, 26815,  1330,
0:09.60, 26815,  2354,
0:09.80, 26803,  1897,
0:10.00, 26787,  2070,
0:10.20, 26770,  1922,
0:10.40, 26743,  1904,
0:10.60, 26743,  2563,
0:10.80, 26707,  2341,
0:11.00, 26712,  2679,
0:11.20, 26762,  2508,
0:11.40, 26858,  1852,
0:11.60, 26858,  2734,
0:11.80, 26988,  2102,
0:12.00, 27093,  2238,
0:12.20, 27164,  1983,
0:12.40, 27204,  2525,
0:12.60, 27230,  2632,
0:12.80, 27230,  2023,
0:13.00, 27253,  2086,
0:13.20, 27278,  1991,
0:13.40, 27306,  2476,
0:13.60, 27333,  2510,
0:13.80, 27333,  1870,
0:14.00, 27355,  2076,
0:14.20, 27373,  1987,
0:14.40, 27389,  1190,
0:14.60, 27402,  2295,
0:14.80, 27416,  1907,
0:15.00, 27416,  2253,
0:15.20, 27434,  2099,
0:15.40, 27457,  2018,
0:15.60, 27492,  2193,
0:15.80, 27538,  1980,
0:16.00, 27538,  2376,
0:16.20, 27592,  2121,
0:16.40, 27650,  2051,
0:16.60, 27707,  1981,
0:16.80, 27770,  2129,
0:17.00, 27835,  2466,
0:17.20, 27835,  2005,
0:17.40, 27900,  1957,
0:17.60, 27958,  2137,
0:17.80, 27997,  1916,
0:18.00, 28017,  2266,
0:18.20, 28017,  2011,
0:18.40, 28025,  1326,
0:18.60, 28020,  2344,
0:18.80, 28009,  2060,
0:19.00, 27995,  2057,
0:19.20, 27995,  2018,
0:19.40, 27975,  1859,
0:19.60, 27959,  2423,
0:19.80, 27947,  2138,
0:20.00, 27940,  2037,
0:20.20, 27941,  2008,
0:20.40, 27941,  1834,
0:20.60, 27948,  2161,
0:20.80, 27960,  1924,
0:21.00, 27972,  2028,
0:21.20, 27984,  2654,
0:21.40, 27984,  2315,
0:21.60, 27998,  2213,
0:21.80, 28011,  2105,
0:22.00, 28025,  1952,
0:22.20, 28048,  2225,
0:22.40, 28069,  1994,
0:22.60, 28069,  1971,
0:22.80, 28089,  2372,
0:23.00, 28108,  2038,
0:23.20, 28116,  2348,
0:23.40, 28122,  2479,
0:23.60, 28122,  1906,
0:23.80, 28125,   997,
0:24.00, 28126,  2237,
0:24.20, 28124,  1871,
0:24.40, 28121,  1856,
0:24.60, 28121,  1903,
0:24.80, 28117,  1801,
0:25.00, 28115,  2276,
0:25.20, 28111,  1936,
0:25.40, 28105,  1374,
0:25.60, 28094,  2350,
0:25.80, 28094,  1837,
0:26.00, 28081,  2274,
0:26.20, 28065,  1964,
0:26.40, 28049,  2003,
0:26.60, 28032,  2400,
0:26.80, 28032,  2018,
0:27.00, 28016,  2390,
0:27.20, 28006,  2007,
0:27.40, 28001,  1198,
0:27.60, 28001,  2370,
0:27.80, 27999,  1993,
0:28.00, 27999,  2128,
0:28.20, 27992,  2011,
0:28.40, 27982,  1975,
0:28.60, 27969,  2568,
0:28.80, 27958,  1944,
0:29.00, 27958,  1540,
0:29.20, 27949,  2339,
0:29.40, 27941,  2151,
0:29.60, 27932,  2118,
0:29.80, 27922,  2023,
0:30.00, 27911,  1946,
0:30.20, 27911,  2332,
0:30.40, 27900,  2025,
0:30.60, 27890,  1738,
0:30.80, 27881,  2228,
0:31.00, 27872,  1988,
0:31.20, 27872,  2298,
0:31.40, 27863,  2009,
0:31.60, 27855,  2201,
0:31.80, 27850,  2575,
0:32.00, 27847,  1997,
0:32.20, 27847,  2177,
0:32.40, 27849,  2157,
0:32.60, 27852,  1914,
0:32.80, 27857,  2217,
0:33.00, 27863,  1992,
0:33.20, 27870,  1876,
0:33.40, 27870,  2488,
0:33.60, 27876,  2113,
0:33.80, 27882,  1311,
0:34.00, 27884,  2361,
0:34.20, 27884,  2033,
0:34.40, 27884,  2025,
0:34.60, 27882,  1861,
0:34.80, 27879,  2231,
0:35.00, 27876,  2147,
0:35.20, 27874,  1935,
0:35.40, 27870,  2030,
0:35.60, 27870,  2060,
0:35.80, 27866,  1799,
0:36.00, 27869,  1674,
0:36.20, 27880,  1742,
0:36.40, 27893,  1639,
0:36.60, 27893,  2066,
0:36.80, 27935,  2541,
0:37.00, 27915,  1927,
0:37.20, 27846,  1305,
0:37.40, 27737,  2540,
0:37.60, 27567,  1971,
0:37.80, 27567,  2027,
0:38.00, 27436,  2046,
0:38.20, 27343,  1882,
0:38.40, 27288,  2135,
0:38.60, 27265,  1979,
0:38.80, 27265,  2581,
0:39.00, 27261,  2422,
0:39.20, 27263,  2091,
0:39.40, 27275,  2403,
0:39.60, 27298,  2130,
0:39.80, 27298,  1573,
0:40.00, 27332,  2429,
0:40.20, 27376,  2019,
0:40.40, 27428,  2204,
0:40.60, 27482,  2048,
0:40.80, 27532,  1799,
0:41.00, 27532,  2194,
0:41.20, 27570,  2096,
0:41.40, 27589,  3247,
0:41.60, 27575,  2243,
0:41.80, 27515,  2116,
0:42.00, 27515,  1785,
0:42.20, 27451,  2057,
0:42.40, 27379,  2219,
0:42.60, 27307,  1820,
0:42.80, 27274,  2154,
0:43.00, 27244,  2007,
0:43.20, 27244,  2459,
0:43.40, 27233,  2428,
0:43.60, 27253,  2082,
0:43.80, 27265,  2824,
0:44.00, 27273,  2395,
0:44.20, 27273,  1730,
0:44.40, 27261,  2639,
0:44.60, 27227,  2865,
0:44.80, 27189,  2303,
0:45.00, 27136,  2634,
0:45.20, 27136,  2704,
0:45.40, 27120,  2382,
0:45.60, 27152,  3130,
0:45.80, 27213,  2776,
0:46.00, 27297,  1912,
0:46.20, 27335,  2591,
0:46.40, 27335,  2615,
0:46.60, 27319,  1970,
0:46.80, 27267,  2282,
0:47.00, 27209,  2068,
0:47.20, 27167,  3225,
0:47.40, 27167,  3078,
0:47.60, 27141,  2583,
0:47.80, 27138,   588,
0:48.00, 27148,  3905,
0:48.20, 27165,  2910,
0:48.40, 27162,    48,
0:48.60, 27162,  3905,
0:48.80, 27143,  3100,
0:49.00, 27084,  1251,
0:49.20, 27003,  1260,
0:49.40, 26970,  2767,
0:49.60, 26970,  2293,
0:49.80, 27047,  2046,
0:50.00, 27229,  2230,
0:50.20, 27468,  1717,
0:50.40, 27711,  2297,
0:50.60, 27871,  2340,
0:50.80, 27871,  1778,
0:51.00, 27965,  2482,
0:51.20, 28029,  2392,
0:51.40, 28084,  1804,
0:51.60, 28137,  2148,
0:51.80, 28137,  2464,
0:52.00, 28190,  2076,
0:52.20, 28223,  2527,
0:52.40, 28239,  2565,
0:52.60, 28236,  1921,
0:52.80, 28236,  2139,
0:53.00, 28230,  2530,
0:53.20, 28255,  2005,
0:53.40, 28276,  2266,
0:53.60, 28280,  2684,
0:53.80, 28253,  1906,
0:54.00, 28253,  2186,
0:54.20, 28204,  2314,
0:54.40, 28119,  1726,
0:54.60, 27999,   998,
0:54.80, 27895,  1992,
0:55.00, 27895,  1695,
0:55.20, 27787,  2296,
0:55.40, 27719,  1996,
0:55.60, 27705,  1823,
0:55.80, 27705,  2086,
0:56.00, 27713,  1910,
0:56.20, 27713,  1735,
0:56.40, 27719,  2382,
0:56.60, 27720,  2091,
0:56.80, 27704,  2376,
0:57.00, 27682,  2607,
0:57.20, 27682,  2039,
0:57.40, 27664,  1342,
0:57.60, 27654,  2386,
0:57.80, 27661,  1966,
0:58.00, 27677,  2170,
0:58.20, 27677,  1850,
0:58.40, 27691,  2098,
0:58.60, 27700,  2308,
0:58.80, 27727,  1955,
0:59.00, 27782,  2752,
0:59.20, 27830,  2413,
0:59.40, 27830,  2132,
0:59.60, 27872,  2034,
0:59.80, 27890,  2065,
1:00.00, 27887,  2014,
1:00.20, 27914,  2474,
1:00.40, 27914,  2073,
1:00.60, 27878,  2627,
1:00.80, 27824,  2986,
1:01.00, 27756,  2158,
1:01.20, 27667,  1921,
1:01.40, 27655,  2424,
1:01.60, 27655,  2430,
1:01.80, 27686,  2098,
1:02.00, 27754,  1636,
1:02.20, 27819,  2126,
1:02.40, 27872,  2101,
1:02.60, 27872,  1804,
1:02.80, 27912,  1919,
1:03.00, 27900,  1788,
1:03.20, 27863,  1868,
1:03.40, 27823,  2099,
1:03.60, 27823,  1959,
1:03.80, 27752,  2227,
1:04.00, 27641,  2948,
1:04.20, 27586,  2116,
1:04.40, 27520,  1961,
1:04.60, 27471,  2225,
1:04.80, 27471,  2117,
1:05.00, 27478,  2369,
1:05.20, 27446,  1950,
1:05.40, 27452,  1964,
1:05.60, 27495,  2193,
1:05.80, 27495,  1857,
1:06.00, 27566,  2161,
1:06.20, 27665,  1934,
1:06.40, 27755,  2846,
1:06.60, 27822,  2411,
1:06.80, 27907,  2173,
1:07.00, 27907,  2564,
1:07.20, 27988,  2174,
1:07.40, 28035,  2330,
1:07.60, 28057,  2023,
1:07.80, 27990,  1908,
1:08.00, 27990,  2325,
1:08.20, 27860,  2080,
1:08.40, 27668,  1801,
1:08.60, 27402,  1931,
1:08.80, 27139,  1765,
1:09.00, 26908,  1898,
1:09.20, 26908,  2306,
1:09.40, 26774,  2035,
1:09.60, 26792,   718,
1:09.80, 26792,  2605,
1:10.00, 26781,  2089,
1:10.20, 26781,  2749,
1:10.40, 26816,  2235,
1:10.60, 26852,  3192,
1:10.80, 26989,  2435,
1:11.00, 27175,  2330,
1:11.20, 27175,  2026,
1:11.40, 27326,  2581,
1:11.60, 27409,  2922,
1:11.80, 27380,  2421,
1:12.00, 27186,  2679,
1:12.20, 26928,  1442,
1:12.40, 26928,  1876,
1:12.60, 26691,  1048,
1:12.80, 26556,  2469,
1:13.00, 26598,  3786,
1:13.20, 26670,  3334,
1:13.40, 26670,  3161,
1:13.60, 26710,  2534,
1:13.80, 26733,  1943,
1:14.00, 26750,  2744,
1:14.20, 26796,  1887,
1:14.40, 26889,  2208,
1:14.60, 26889,  1663,
1:14.80, 27014,  2094,
1:15.00, 27182,  3869,
1:15.20, 27420,  2311,
1:15.40, 27677,  1125,
1:15.60, 27677,  2865,
1:15.80, 27964,  1644,
1:16.00, 28190,  1644,
1:16.20, 28273,  1682,
1:16.40, 28266,  1334,
1:16.60, 28266,  2290,
1:16.80, 28169,  1359,
1:17.00, 28070,  1477,
1:17.20, 28004,  1755,
1:17.40, 27916,  1944,
1:17.60, 27820,  3238,
1:17.80, 27820,    27,
1:18.00, 27798,   726,
1:18.20, 27871,  3921,
1:18.40, 28030,  1991,
1:18.60, 28207,  1660,
1:18.80, 28207,  1782,
1:19.00, 28330,  1918,
1:19.20, 28385,  2665,
1:19.40, 28434,  1985,
1:19.60, 28469,  2287,
1:19.80, 28473,  1705,
1:20.00, 28473,  1499,
1:20.20, 28477,  2323,
1:20.40, 28473,  1496,
1:20.60, 28495,   713,
1:20.80, 28563,  2072,
1:21.00, 28563,  1417,
1:21.20, 28660,  2515,
1:21.40, 28750,  1908,
1:21.60, 28838,  2514,
1:21.80, 28880,  1596,
1:22.00, 28887,  1696,
1:22.20, 28887,  1472,
1:22.40, 28900,  1639,
1:22.60, 28920,  1153,
1:22.80, 28955,  1701,
1:23.00, 29006,  1662,
1:23.20, 29006,  1084,
1:23.40, 29060,  1970,
1:23.60, 29163,  1690,
1:23.80, 29228,  1958,
1:24.00, 29249,  1811,
1:24.20, 29249,  1994,
1:24.40, 29248,  2238,
1:24.60, 29181,  1965,
1:24.80, 29148,  1540,
1:25.00, 29152,  2247,
1:25.20, 29169,  1757,
1:25.40, 29169,  2324,
1:25.60, 29192,  1975,
1:25.80, 29208,  2010,
1:26.00, 29217,  2510,
1:26.20, 29219,  1811,
1:26.40, 29219,  1474,
1:26.60, 29215,  2232,
1:26.80, 29219,  1772,
1:27.00, 29214,  2048,
1:27.20, 29209,  1819,
1:27.40, 29204,  1809,
1:27.60, 29204,  2467,
1:27.80, 29188,  2112,
1:28.00, 29179,  1351,
1:28.20, 29183,  2425,
1:28.40, 29192,  1985,
1:28.60, 29192,  2122,
1:28.80, 29202,  1909,
1:29.00, 29211,  1728,
1:29.20, 29208,  2282,
1:29.40, 29201,  2010,
1:29.60, 29193,  2081,
1:29.80, 29193,  2446,
1:30.00, 29180,  2131,
1:30.20, 29117,  2082,
1:30.40, 29007,  1908,
1:30.60, 28877,  1836,
1:30.80, 28877,  2362,
1:31.00, 28754,  2025,
1:31.20, 28699,  1589,
1:31.40, 28708,  2483,
1:31.60, 28750,  1967,
1:31.80, 28750,  2139,
1:32.00, 28802,  2107,
1:32.20, 28846,  2087,
1:32.40, 28886,  2544,
1:32.60, 28926,  2095,
1:32.80, 28968,  1873,
1:33.00, 28968,  2302,
1:33.20, 29008,  2037,
1:33.40, 29043,  2029,
1:33.60, 29073,  1960,
1:33.80, 29104,  2105,
1:34.00, 29104,  2527,
1:34.20, 29144,  2332,
1:34.40, 29194,  2027,
1:34.60, 29252,  2082,
1:34.80, 29313,  1601,
1:35.00, 29371,  2132,
1:35.20, 29371,  1908,
1:35.40, 29422,  1942,
1:35.60, 29465,  2473,
1:35.80, 29497,  2121,
1:36.00, 29521,  1766,
1:36.20, 29521,  1740,
1:36.40, 29538,  1979,
1:36.60, 29551,  2081,
1:36.80, 29556,  2821,
1:37.00, 29522,  2477,
1:37.20, 29522,  2329,
1:37.40, 29421,  2147,
1:37.60, 29286,  2450,
1:37.80, 29170,  2282,
1:38.00, 29126,  1857,
1:38.20, 29174,  1986,
1:38.40, 29174,  2017,
1:38.60, 29288,  2299,
1:38.80, 29437,  2368,
1:39.00, 29575,  1781,
1:39.20, 29689,  1531,
1:39.40, 29689,  2197,
1:39.60, 29772,  1858,
1:39.80, 29808,  2137,
1:40.00, 29818,  1917,
1:40.20, 29836,  1877,
1:40.40, 29867,  2265,
1:40.60, 29867,  1844,
1:40.80, 29868,  1394,
1:41.00, 29855,  2318,
1:41.20, 29811,  1998,
1:41.40, 29750,  2002,
1:41.60, 29750,  1921,
1:41.80, 29715,  1836,
1:42.00, 29692,  2226,
1:42.20, 29686,  1837,
1:42.40, 29681,  2811,
1:42.60, 29681,  2505,
1:42.80, 29681,  1979,
1:43.00, 29689,  1839,
1:43.20, 29704,  2136,
1:43.40, 29722,  1867,
1:43.60, 29738,  2063,
1:43.80, 29738,  1932,
1:44.00, 29750,  1852,
1:44.20, 29756,  2193,
1:44.40, 29758,  2035,
1:44.60, 29755,  1908,
1:44.80, 29755,  2039,
1:45.00, 29747,  1779,
1:45.20, 29742,  2206,
1:45.40, 29738,  1659,
1:45.60, 29731,  1408,
1:45.80, 29723,  1824,
1:46.00, 29723,  1331,
1:46.20, 29707,  2181,
1:46.40, 29686,  1936,
1:46.60, 29666,  2108,
1:46.80, 29591,  3576,
1:47.00, 29591,  2329,
1:47.20, 29435,  3033,
1:47.40, 29303,  2544,
1:47.60, 29215,  2369,
1:47.80, 29222,  2904,
1:48.00, 29333,  1859,
1:48.20, 29333,  2114,
1:48.40, 29449,  2698,
1:48.60, 29519,  2867,
1:48.80, 29556,  3267,
1:49.00, 29567,  2790,
1:49.20, 29567,  2795,
1:49.40, 29552,  2981,
1:49.60, 29542,  2932,
1:49.80, 29525,  3060,
1:50.00, 29488,  3026,
1:50.20, 29488,  2525,
1:50.40, 29393,  2784,
1:50.60, 29266,  2605,
1:50.80, 29117,  1974,
1:51.00, 29000,  2106,
1:51.20, 28956,  1753,
1:51.40, 28956,  2265,
1:51.60, 28910,  2181,
1:51.80, 28868,  1754,
1:52.00, 28821,  1738,
1:52.20, 28762,  1708,
1:52.40, 28762,  1625,
1:52.60, 28746,  1856,
1:52.80, 28766,  1870,
1:53.00, 28800,  1736,
1:53.20, 28838,  2399,
1:53.40, 28874,  2008,
1:53.60, 28874,  2452,
1:53.80, 28900,  2369,
1:54.00, 28916,  1859,
1:54.20, 28930,  1871,
1:54.40, 28942,  1888,
1:54.60, 28942,  1855,
1:54.80, 28944,  1873,
1:55.00, 28932,  1814,
1:55.20, 28916,  1971,
1:55.40, 28901,  2090,
1:55.60, 28900,  2107,
1:55.80, 28900,  2107,
1:56.00, 28911,  2209,
1:56.20, 28921,  1899,
1:56.40, 28923,  1957,
1:56.60, 28923,  2136,
1:56.80, 28923,  1646,
1:57.00, 28909,  1288,
1:57.20, 28875,  1636,
1:57.40, 28832,  1997,
1:57.60, 28787,  1993,
1:57.80, 28787,  1782,
1:58.00, 28763,  2158,
1:58.20, 28784,  2381,
1:58.40, 28816,  2163,
1:58.60, 28838,  2904,
1:58.80, 28857,  2505,
1:59.00, 28857,  2196,
1:59.20, 28865,  1926,
1:59.40, 28906,  2255,
1:59.60, 28983,  2164,
1:59.80, 29086,  1821,
2:00.00, 29086,  1923,
2:00.20, 29205,  2117,
2:00.40, 29320,  2245,
2:00.60, 29422,  1745,
2:00.80, 29506,  1722,
2:01.00, 29570,  2420,
2:01.20, 29570,  2164,
2:01.40, 29616,  2525,
2:01.60, 29646,  2500,
2:01.80, 29663,  2218,
2:02.00, 29666,  1073,
2:02.20, 29666,  2028,
2:02.40, 29660,  1922,
2:02.60, 29647,  1933,
2:02.80, 29628,  1807,
2:03.00, 29606,  2222,
2:03.20, 29583,  2166,
2:03.40, 29583,  1946,
2:03.60, 29561,  2053,
2:03.80, 29546,  2682,
2:04.00, 29537,  2109,
2:04.20, 29535,  1379,
2:04.40, 29535,  2324,
2:04.60, 29540,  1561,
2:04.80, 29553,  1784,
2:05.00, 29576,  1883,
2:05.20, 29607,  2505,
2:05.40, 29607,  2428,
2:05.60, 29646,  1954,
2:05.80, 29684,  2466,
2:06.00, 29718,  2576,
2:06.20, 29741,  2490,
2:06.40, 29686,  2468,
2:06.60, 29686,  2746,
2:06.80, 29589,  2425,
2:07.00, 29493,  2433,
2:07.20, 29390,  2124,
2:07.40, 29257,  2075,
2:07.60, 29257,   839,
2:07.80, 29072,    20,
2:08.00, 28820,    10,
2:08.20, 28547,    10,
2:08.40, 28347,    10,
2:08.60, 28294,    10,
2:08.80, 28294,    17,
2:09.00, 28367,    28,
2:09.20, 28448,   214,
2:09.40, 28532,  1669,
2:09.60, 28512,  2677,
2:09.80, 28512,  3295,
2:10.00, 28427,  2942,
2:10.20, 28328,  2707,
2:10.40, 28229,  1150,
2:10.60, 28245,  2891,
2:10.80, 28245,  2860,
2:11.00, 28310,  1798,
2:11.20, 28433,  1819,
2:11.40, 28637,  1851,
2:11.60, 28763,  1825,
2:11.80, 28836,  2070,
2:12.00, 28836,  1761,
2:12.20, 28885,  2382,
2:12.40, 28871,  1977,
2:12.60, 28869,  1180,
2:12.80, 28886,  1475,
2:13.00, 28886,  2026,
2:13.20, 28926,  2050,
2:13.40, 28986,  2077,
2:13.60, 29047,  2074,
2:13.80, 29104,  1847,
2:14.00, 29145,  2645,
2:14.20, 29145,  2110,
2:14.40, 29166,  1267,
2:14.60, 29176,  2513,
2:14.80, 29174,  1592,
2:15.00, 29176,  1390,
2:15.20, 29176,  2083,
2:15.40, 29184,  2105,
2:15.60, 29169,  2875,
2:15.80, 29153,  2423,
2:16.00, 29144,  2750,
2:16.20, 29132,  2959,
2:16.40, 29132,  2064,
2:16.60, 29138,  1860,
2:16.80, 29144,  2227,
2:17.00, 29133,  2051,
2:17.20, 29121,  2175,
2:17.40, 29121,  2041,
2:17.60, 29118,  1895,
2:17.80, 29119,  2192,
2:18.00, 29121,  2103,
2:18.20, 29123,  2134,
2:18.40, 29123,  2122,
2:18.60, 29121,  1838,
2:18.80, 29118,  1255,
2:19.00, 29115,  2610,
2:19.20, 29113,  2115,
2:19.40, 29114,  1846,
2:19.60, 29114,  2263,
2:19.80, 29117,  2182,
2:20.00, 29120,  1878,
2:20.20, 29118,  2135,
2:20.40, 29127,  2121,
2:20.60, 29127,  2122,
2:20.80, 29121,  2168,
2:21.00, 29113,  2146,
2:21.20, 29129,  2111,
2:21.40, 29137,  2126,
2:21.60, 29158,  2005,
2:21.80, 29158,  2156,
2:22.00, 29182,  2035,
2:22.20, 29166,  1935,
2:22.40, 29148,  2224,
2:22.60, 29153,  1932,
2:22.80, 29153,  1998,
2:23.00, 29172,  2174,
2:23.20, 29217,  1849,
2:23.40, 29263,  2333,
2:23.60, 29287,  2244,
2:23.80, 29287,  1911,
2:24.00, 29298,  2087,
2:24.20, 29300,  1836,
2:24.40, 29292,  1941,
2:24.60, 29395,  1967,
2:24.80, 29447,  2252,
2:25.00, 29447,  2046,
2:25.20, 29452,  2000,
2:25.40, 29452,  2377,
2:25.60, 29338,  2039,
2:25.80, 29267,  2157,
2:26.00, 29267,  2712,
2:26.20, 29224,  2181,
2:26.40, 29204,  1205,
2:26.60, 29178,  2353,
2:26.80, 29178,  2073,
2:27.00, 29249,  1968,
2:27.20, 29249,  2038,
2:27.40, 29350,  2074,
2:27.60, 29486,  2025,
2:27.80, 29620,  1951,
2:28.00, 29711,  1991,
2:28.20, 29711,  1987,
2:28.40, 29752,  2022,
2:28.60, 29728,  2091,
2:28.80, 29670,  2015,
2:29.00, 29608,  2272,
2:29.20, 29570,  2044,
2:29.40, 29570,  1917,
2:29.60, 29585,  2308,
2:29.80, 29624,  1984,
2:30.00, 29668,  1757,
2:30.20, 29705,  2369,
2:30.40, 29705,  1931,
2:30.60, 29736,  2159,
2:30.80, 29763,  2371,
2:31.00, 29786,  1910,
2:31.20, 29805,  1862,
2:31.40, 29805,  2211,
2:31.60, 29820,  1959,
2:31.80, 29831,  1939,
2:32.00, 29839,  2153,
2:32.20, 29844,  1952,
2:32.40, 29846,  1916,
2:32.60, 29846,  2096,
2:32.80, 29846,  1880,
2:33.00, 29845,  1867,
2:33.20, 29841,  2114,
2:33.40, 29835,  1895,
2:33.60, 29835,  2123,
2:33.80, 29828,  2073,
2:34.00, 29820,  1950,
2:34.20, 29812,  2135,
2:34.40, 29804,  2107,
2:34.60, 29796,  2122,
2:34.80, 29796,  2140,
2:35.00, 29788,  2050,
2:35.20, 29783,  2122,
2:35.40, 29779,  2048,
2:35.60, 29777,  1658,
2:35.80, 29777,  2390,
2:36.00, 29777,  2027,
2:36.20, 29777,  2299,
2:36.40, 29779,  2502,
2:36.60, 29782,  1989,
2:36.80, 29782,  1978,
2:37.00, 29786,  2331,
2:37.20, 29790,  2040,
2:37.40, 29794,  2023,
2:37.60, 29799,  2168,
2:37.80, 29806,  1975,
2:38.00, 29806,  2012,
2:38.20, 29817,  2112,
2:38.40, 29830,  1918,
2:38.60, 29848,  2097,
2:38.80, 29865,  2047,
2:39.00, 29865,  2052,
2:39.20, 29881,  2010,
2:39.40, 29897,  1445,
2:39.60, 29906,  2353,
2:39.80, 29909,  1955,
2:40.00, 29913,  2395,
2:40.20, 29913,  2505,
2:40.40, 29908,  2014,
2:40.60, 29899,  2176,
2:40.80, 29892,  2343,
2:41.00, 29877,  2008,
2:41.20, 29877,  1984,
2:41.40, 29864,  2301,
2:41.60, 29853,  2012,
2:41.80, 29842,  1965,
2:42.00, 29831,  2320,
2:42.20, 29823,  1984,
2:42.40, 29823,  2015,
2:42.60, 29816,  2169,
2:42.80, 29813,  2000,
2:43.00, 29813,  1965,
2:43.20, 29816,  2108,
2:43.40, 29816,  1973,
2:43.60, 29838,  1906,
2:43.80, 29859,  2109,
2:44.00, 29868,  1915,
2:44.20, 29869,  1923,
2:44.40, 29869,  2206,
2:44.60, 29848,  1909,
2:44.80, 29824,  1965,
2:45.00, 29809,  2210,
2:45.20, 29798,  1998,
2:45.40, 29788,  1920,
2:45.60, 29788,  2158,
2:45.80, 29778,  2047,
2:46.00, 29758,  1804,
2:46.20, 29701,  2807,
2:46.40, 29582,  2720,
2:46.60, 29582,  2640,
2:46.80, 29413,  2569,
2:47.00, 29234,  1940,
2:47.20, 29085,  2640,
2:47.40, 29023,  2520,
2:47.60, 29032,  2022,
2:47.80, 29032,  2960,
2:48.00, 29083,  2684,
2:48.20, 29159,  2285,
2:48.40, 29229,  1408,
2:48.60, 29298,  2684,
2:48.80, 29298,  2178,
2:49.00, 29367,  1241,
2:49.20, 29438,  2410,
2:49.40, 29513,  2021,
2:49.60, 29590,  1423,
2:49.80, 29676,  2250,
2:50.00, 29676,  1976,
2:50.20, 29737,  1266,
2:50.40, 29765,  2720,
2:50.60, 29759,  2067,
2:50.80, 29701,  1548,
2:51.00, 29701,  2066,
2:51.20, 29640,  1419,
2:51.40, 29593,  2693,
2:51.60, 29541,  2803,
2:51.80, 29506,  2183,
2:52.00, 29506,  2313,
2:52.20, 29501,  2063,
2:52.40, 29528,  2114,
2:52.60, 29615,  2363,
2:52.80, 29742,  2099,
2:53.00, 29872,  1478,
2:53.20, 29872,  2328,
2:53.40, 29988,  2057,
2:53.60, 30077,  2048,
2:53.80, 30152,  1924,
2:54.00, 30223,  1929,
2:54.20, 30223,  2063,
2:54.40, 30290,  1871,
2:54.60, 30357,  1867,
2:54.80, 30416,  2116,
2:55.00, 30473,  1914,
2:55.20, 30516,  1919,
2:55.40, 30516,  2279,
2:55.60, 30544,  1902,
2:55.80, 30576,  2785,
2:56.00, 30606,  2417,
2:56.20, 30627,  1965,
2:56.40, 30627,  1130,
2:56.60, 30638,  2287,
2:56.80, 30630,  1979,
2:57.00, 30601,  1789,
2:57.20, 30575,  2313,
2:57.40, 30575,  2058,
2:57.60, 30555,  2057,
2:57.80, 30535,  1972,
2:58.00, 30516,  1933,
2:58.20, 30492,  2137,
2:58.40, 30469,  1952,
2:58.60, 30469,  1962,
2:58.80, 30454,  2317,
2:59.00, 30437,  2011,
2:59.20, 30425,  1181,
2:59.40, 30419,  2426,
2:59.60, 30419,  1971,
2:59.80, 30402,  1922,
3:00.00, 30388,  2217,
3:00.20, 30380,  2086,
3:00.40, 30369,  1995,
3:00.60, 30363,  2122,
3:00.80, 30363,  2093,
3:01.00, 30356,  2117,
3:01.20, 30344,  2086,
3:01.40, 30328,  1965,
3:01.60, 30313,  2088,
3:01.80, 30313,  1959,
3:02.00, 30296,  1902,
3:02.20, 30279,  2123,
3:02.40, 30264,  1930,
3:02.60, 30250,  1953,
3:02.80, 30233,  2267,
3:03.00, 30233,  1964,
3:03.20, 30218,  1978,
3:03.40, 30205,  2352,
3:03.60, 30196,  1988,
3:03.80, 30193,  2802,
3:04.00, 30193,  2406,
3:04.20, 30195,  1992,
3:04.40, 30199,  1419,
3:04.60, 30206,  2310,
3:04.80, 30215,  2078,
3:05.00, 30215,  2016,
3:05.20, 30227,  1986,
3:05.40, 30240,  2070,
3:05.60, 30255,  2076,
3:05.80, 30270,  1966,
3:06.00, 30282,  2095,
3:06.20, 30282,  2068,
3:06.40, 30294,  1996,
3:06.60, 30305,  2100,
3:06.80, 30318,  1997,
3:07.00, 30331,  2122,
3:07.20, 30331,  2025,
3:07.40, 30344,  2019,
3:07.60, 30358,  2205,
3:07.80, 30373,  2008,
3:08.00, 30387,  1957,
3:08.20, 30401,  2170,
3:08.40, 30401,  2018,
3:08.60, 30409,  1769,
3:08.80, 30412,  2251,
3:09.00, 30412,  1967,
3:09.20, 30415,  1572,
3:09.40, 30415,  2343,
3:09.60, 30419,  2001,
3:09.80, 30414,  1996,
3:10.00, 30405,  2208,
3:10.20, 30390,  2046,
3:10.40, 30390,  1866,
3:10.60, 30371,  2214,
3:10.80, 30360,  1969,
3:11.00, 30352,  1710,
3:11.20, 30344,  2303,
3:11.40, 30337,  1954,
3:11.60, 30337,  1180,
3:11.80, 30330,  2366,
3:12.00, 30323,  1917,
3:12.20, 30310,  1142,
3:12.40, 30286,  2398,
3:12.60, 30286,  1902,
3:12.80, 30257,  2178,
3:13.00, 30229,  2409,
3:13.20, 30211,  1912,
3:13.40, 30206,  2423,
3:13.60, 30209,  2388,
3:13.80, 30209,  1960,
3:14.00, 30212,  1914,
3:14.20, 30214,  2242,
3:14.40, 30215,  1945,
3:14.60, 30215,  1958,
3:14.80, 30215,  2164,
3:15.00, 30216,  1937,
3:15.20, 30218,  2053,
3:15.40, 30223,  2084,
3:15.60, 30228,  1949,
3:15.80, 30228,  2017,
3:16.00, 30232,  2016,
3:16.20, 30235,  2208,
3:16.40, 30236,  1972,
3:16.60, 30236,  2328,
3:16.80, 30234,  2482,
3:17.00, 30234,  1974,
3:17.20, 30230,  2203,
3:17.40, 30225,  2436,
3:17.60, 30219,  1951,
3:17.80, 30213,  1953,
3:18.00, 30213,  2239,
3:18.20, 30206,  1969,
3:18.40, 30200,  1945,
3:18.60, 30194,  2229,
3:18.80, 30189,  1963,
3:19.00, 30185,  2182,
3:19.20, 30185,  2172,
3:19.40, 30182,  2076,
3:19.60, 30181,  2192,
3:19.80, 30184,  2147,
3:20.00, 30193,  2127,
3:20.20, 30193,  2087,
3:20.40, 30206,  2031,
3:20.60, 30220,  2045,
3:20.80, 30232,  1983,
3:21.00, 30240,  1836,
3:21.20, 30238,  2375,
3:21.40, 30238,  2085,
3:21.60, 30203,  1288,
3:21.80, 30084,  2520,
3:22.00, 29911,  1990,
3:22.20, 29713,  2702,
3:22.40, 29713,  2470,
3:22.60, 29535,  1931,
3:22.80, 29435,  2217,
3:23.00, 29392,  2314,
3:23.20, 29383,  1889,
3:23.40, 29383,  1869,
3:23.60, 29392,  2187,
3:23.80, 29411,  1890,
3:24.00, 29432,  1948,
3:24.20, 29451,  2144,
3:24.40, 29472,  1961,
3:24.60, 29472,  2001,
3:24.80, 29494,  2136,
3:25.00, 29520,  1896,
3:25.20, 29549,  2076,
3:25.40, 29581,  2013,
3:25.60, 29581,  1951,
3:25.80, 29613,  2027,
3:26.00, 29644,  1979,
3:26.20, 29671,  2123,
3:26.40, 29696,  1944,
3:26.60, 29723,  1782,
3:26.80, 29723,  2164,
3:27.00, 29747,  2017,
3:27.20, 29765,  1928,
3:27.40, 29775,  2063,
3:27.60, 29773,  1967,
3:27.80, 29773,  1923,
3:28.00, 29764,  2170,
3:28.20, 29751,  1967,
3:28.40, 29735,  1954,
3:28.60, 29715,  2220,
3:28.80, 29715,  2016,
3:29.00, 29691,  1930,
3:29.20, 29664,  2192,
3:29.40, 29638,  2010,
3:29.60, 29614,  1994,
3:29.80, 29594,  2113,
3:30.00, 29594,  2067,
3:30.20, 29578,  2055,
3:30.40, 29566,  2058,
3:30.60, 29558,  2081,
3:30.80, 29556,  2056,
3:31.00, 29556,  2026,
3:31.20, 29552,  2014,
3:31.40, 29546,  2135,
3:31.60, 29538,  1952,
3:31.80, 29535,  1917,
3:32.00, 29533,  2164,
3:32.20, 29533,  1928,
3:32.40, 29535,  1952,
3:32.60, 29542,  2144,
3:32.80, 29542,  1947,
3:33.00, 29549,  1927,
3:33.20, 29549,  2189,
3:33.40, 29561,  1981,
3:33.60, 29572,  1946,
3:33.80, 29583,  2164,
3:34.00, 29593,  1970,
3:34.20, 29599,  1969,
3:34.40, 29599,  2123,
3:34.60, 29601,  1920,
3:34.80, 29601,  1927,
3:35.00, 29595,  2161,
3:35.20, 29568,  1958,
3:35.40, 29568,  1980,
3:35.60, 29533,  2136,
3:35.80, 29500,  1917,
3:36.00, 29475,  2071,
3:36.20, 29474,  2057,
3:36.40, 29474,  1968,
3:36.60, 29487,  1963,
3:36.80, 29502,  1987,
3:37.00, 29513,  2016,
3:37.20, 29506,  1995,
3:37.40, 29466,  2665,
3:37.60, 29466,  2383,
3:37.80, 29375,  2638,
3:38.00, 29240,  3206,
3:38.20, 29077,  2445,
3:38.40, 28920,  2153,
3:38.60, 28920,  2270,
3:38.80, 28786,  1782,
3:39.00, 28674,  2463,
3:39.20, 28620,  2357,
3:39.40, 28617,  2130,
3:39.60, 28669,  1430,
3:39.80, 28669,  2508,
3:40.00, 28762,  2145,
3:40.20, 28859,  3268,
3:40.40, 28952,  1905,
3:40.60, 29045,  1711,
3:40.80, 29045,  1910,
3:41.00, 29177,  1795,
3:41.20, 29349,  1844,
3:41.40, 29544,  2192,
3:41.60, 29739,  1934,
3:41.80, 29899,  1643,
3:42.00, 29899,  2145,
3:42.20, 30010,  2143,
3:42.40, 30084,  2149,
3:42.60, 30134,  2079,
3:42.80, 30163,  1986,
3:43.00, 30163,  2066,
3:43.20, 30178,  1968,
3:43.40, 30180,  1944,
3:43.60, 30173,  2115,
3:43.80, 30162,  1935,
3:44.00, 30162,  1967,
3:44.20, 30149,  2156,
3:44.40, 30136,  1998,
3:44.60, 30121,  1953,
3:44.80, 30107,  2189,
3:45.00, 30092,  2002,
3:45.20, 30092,  1907,
3:45.40, 30078,  2186,
3:45.60, 30064,  1923,
3:45.80, 30051,  1926,
3:46.00, 30038,  2202,
3:46.20, 30038,  2012,
3:46.40, 30025,  2752,
3:46.60, 29980,  2595,
3:46.80, 29882,  1527,
3:47.00, 29736,  1281,
3:47.20, 29549,  1036,
3:47.40, 29549,  3994,
3:47.60, 29436,  4017,
3:47.80, 29363,  4017,
3:48.00, 29249,  4016,
3:48.20, 29132,  4018,
3:48.40, 29132,  4008,
3:48.60, 28954,  3999,
3:48.80, 28869,  3995,
3:49.00, 28932,  3986,
3:49.20, 29141,  3989,
3:49.40, 29141,  3998,
3:49.60, 29439,  3975,
3:49.80, 29722,  3971,
3:50.00, 29924,  3873,
3:50.20, 29974,  2724,
3:50.40, 29901,  1967,
3:50.60, 29901,  1317,
3:50.80, 29740,  2008,
3:51.00, 29583,  1302,
3:51.20, 29461,  1804,
3:51.40, 29407,  1788,
3:51.60, 29407,  2184,
3:51.80, 29406,  2131,
3:52.00, 29450,  1614,
3:52.20, 29530,  1759,
3:52.40, 29607,  1640,
3:52.60, 29671,  1715,
3:52.80, 29671,  2208,
3:53.00, 29722,  1753,
3:53.20, 29761,  1750,
3:53.40, 29795,  2043,
3:53.60, 29819,  1519,
3:53.80, 29819,  1976,
3:54.00, 29834,  1425,
3:54.20, 29840,  1768,
3:54.40, 29836,  2409,
3:54.60, 29827,  1891,
3:54.80, 29815,  1920,
3:55.00, 29815,  2080,
3:55.20, 29804,  2211,
3:55.40, 29799,  2082,
3:55.60, 29806,  1712,
3:55.80, 29820,  1620,
3:56.00, 29820,  2568,
3:56.20, 29837,  1912,
3:56.40, 29852,  1919,
3:56.60, 29862,  1616,
3:56.80, 29874,  1861,
3:57.00, 29874,  2461,
3:57.20, 29896,  1855,
3:57.40, 29898,  1286,
3:57.60, 29836,    31,
3:57.80, 29772,    27,
3:58.00, 29760,    70,
3:58.20, 29760,  1212,
3:58.40, 29822,  2488,
3:58.60, 29924,  3607,
3:58.80, 30009,  2068,
3:59.00, 30028,  2007,
3:59.20, 30028,  2914,
3:59.40, 29972,  3951,
3:59.60, 29930,  3280,
3:59.80, 29932,   166,
4:00.00, 29977,   301,
4:00.20, 30115,  1584,
4:00.40, 30115,  3308,
4:00.60, 30330,  1025,
4:00.80, 30550,  2317,
4:01.00, 30829,  2289,
4:01.20, 31109,   464,
4:01.40, 31109,  4026,
4:01.60, 31364,  4000,
4:01.80, 31610,  4009,
4:02.00, 31788,  4017,
4:02.20, 31902,  4018,
4:02.40, 31902,  4013,
4:02.60, 31951,  4006,
4:02.80, 31934,  3997,
4:03.00, 31819,  3605,
4:03.20, 31682,  3515,
4:03.40, 31657,  1587,
4:03.60, 31657,   892,
4:03.80, 31719,  1429,
4:04.00, 31685,  1706,
4:04.20, 31613,  1820,
4:04.40, 31429,  1280,
4:04.60, 31429,  1953,
4:04.80, 31151,  2077,
4:05.00, 30985,  1543,
4:05.20, 30858,  1784,
4:05.40, 30756,  1140,
4:05.60, 30710,  1677,
4:05.80, 30710,  1907,
4:06.00, 30717,  1758,
4:06.20, 30726,  1710,
4:06.40, 30740,  1697,
4:06.60, 30724,  1646,
4:06.80, 30724,  1508,
4:07.00, 30695,  2420,
4:07.20, 30664,  2082,
4:07.40, 30615,  2448,
4:07.60, 30664,  2140,
4:07.80, 30768,  2683,
4:08.00, 30768,  1882,
4:08.20, 30879,  2612,
4:08.40, 30940,  2639,
4:08.60, 30869,  2649,
4:08.80, 30718,  2769,
4:09.00, 30718,  2386,
4:09.20, 30584,  1957,
4:09.40, 30568,  1965,
4:09.60, 30610,  1566,
4:09.80, 30664,  1072,
4:10.00, 30664,  2205,
4:10.20, 30708,  2092,
4:10.40, 30678,  1888,
4:10.60, 30579,  2293,
4:10.80, 30469,  1497,
4:11.00, 30345,  1908,
4:11.20, 30345,  1501,
4:11.40, 30246,  1196,
4:11.60, 30233,  2334,
4:11.80, 30271,  1922,
4:12.00, 30333,  1739,
4:12.20, 30333,  1878,
4:12.40, 30392,  1673,
4:12.60, 30441,  2096,
4:12.80, 30483,  2270,
4:13.00, 30523,  2435,
4:13.20, 30563,  2550,
4:13.40, 30563,  2018,
4:13.60, 30598,  1667,
4:13.80, 30627,  2221,
4:14.00, 30652,  1899,
4:14.20, 30677,  2109,
4:14.40, 30677,  2025,
4:14.60, 30703,  1866,
4:14.80, 30733,  2212,
4:15.00, 30766,  2083,
4:15.20, 30808,  2348,
4:15.40, 30857,  2449,
4:15.60, 30857,  1961,
4:15.80, 30911,  1459,
4:16.00, 30964,  2196,
4:16.20, 31012,  2016,
4:16.40, 31053,  1844,
4:16.60, 31053,  1864,
4:16.80, 31087,  1743,
4:17.00, 31099,  2655,
4:17.20, 31026,  2130,
4:17.40, 30854,  1973,
4:17.60, 30854,  2059,
4:17.80, 30617,  1838,
4:18.00, 30353,  1824,
4:18.20, 30136,  2104,
4:18.40, 29989,  1857,
4:18.60, 29884,  2617,
4:18.80, 29884,  2433,
4:19.00, 29804,  1936,
4:19.20, 29743,  1836,
4:19.40, 29704,  2422,
4:19.60, 29710,  2087,
4:19.80, 29710,  1975,
4:20.00, 29773,  1970,
4:20.20, 29902,  1934,
4:20.40, 30031,  2056,
4:20.60, 30127,  1711,
4:20.80, 30192,  1760,
4:21.00, 30192,  2030,
4:21.20, 30218,  1849,
4:21.40, 30254,  1800,
4:21.60, 30301,  2057,
4:21.80, 30340,  1838,
4:22.00, 30340,  1872,
4:22.20, 30371,  2086,
4:22.40, 30410,  1932,
4:22.60, 30464,  1878,
4:22.80, 30530,  2215,
4:23.00, 30530,  1864,
4:23.20, 30596,  1904,
4:23.40, 30649,  2048,
4:23.60, 30686,  1747,
4:23.80, 30711,  1760,
4:24.00, 30727,  2252,
4:24.20, 30727,  1815,
4:24.40, 30736,  1969,
4:24.60, 30741,  2274,
4:24.80, 30745,  1928,
4:25.00, 30749,  1962,
4:25.20, 30749,  2344,
4:25.40, 30752,  2193,
4:25.60, 30753,  1973,
4:25.80, 30753,  2333,
4:26.00, 30753,  1980,
4:26.20, 30757,  2187,
4:26.40, 30757,  2370,
4:26.60, 30766,  2013,
4:26.80, 30777,  2265,
4:27.00, 30789,  2358,
4:27.20, 30802,  1869,
4:27.40, 30802,  2058,
4:27.60, 30817,  2400,
4:27.80, 30830,  2059,
4:28.00, 30841,  1885,
4:28.20, 30850,  2334,
4:28.40, 30856,  1975,
4:28.60, 30856,  1940,
4:28.80, 30860,  2222,
4:29.00, 30861,  1977,
4:29.20, 30861,  2226,
4:29.40, 30859,  2203,
4:29.60, 30859,  2076,
4:29.80, 30856,  1930,
4:30.00, 30852,  1998,
4:30.20, 30847,  1884,
4:30.40, 30843,  1977,
4:30.60, 30843,  2228,
4:30.80, 30838,  2051,
4:31.00, 30832,  2130,
4:31.20, 30827,  2325,
4:31.40, 30825,  2204,
4:31.60, 30826,  2137,
4:31.80, 30826,  2326,
4:32.00, 30833,  1973,
4:32.20, 30843,  1995,
4:32.40, 30855,  2263,
4:32.60, 30867,  1976,
4:32.80, 30867,  1929,
4:33.00, 30877,  2218,
4:33.20, 30887,  1957,
4:33.40, 30895,  1823,
4:33.60, 30900,  2214,
4:33.80, 30899,  1876,
4:34.00, 30899,  1868,
4:34.20, 30891,  2149,
4:34.40, 30879,  1861,
4:34.60, 30865,  1903,
4:34.80, 30853,  2115,
4:35.00, 30853,  1946,
4:35.20, 30849,  1992,
4:35.40, 30849,  2222,
4:35.60, 30850,  2023,
4:35.80, 30853,  2195,
4:36.00, 30853,  2167,
4:36.20, 30857,  2040,
4:36.40, 30863,  2069,
4:36.60, 30872,  2018,
4:36.80, 30883,  2078,
4:37.00, 30897,  2028,
4:37.20, 30897,  1548,
4:37.40, 30911,  2335,
4:37.60, 30925,  2012,
4:37.80, 30944,  1147,
4:38.00, 30954,  2355,
4:38.20, 30954,  1876,
4:38.40, 30924,  2568,
4:38.60, 30876,  2340,
4:38.80, 30812,  1823,
4:39.00, 30751,  2566,
4:39.20, 30737,  2363,
4:39.40, 30737,  1946,
4:39.60, 30735,  1940,
4:39.80, 30739,  2297,
4:40.00, 30746,  1970,
4:40.20, 30746,  1956,
4:40.40, 30746,  2284,
4:40.60, 30752,  1949,
4:40.80, 30760,  1927,
4:41.00, 30744,  2357,
4:41.20, 30712,  1917,
4:41.40, 30680,  1984,
4:41.60, 30680,  2223,
4:41.80, 30659,  1881,
4:42.00, 30659,  1918,
4:42.20, 30647,  2235,
4:42.40, 30616,  1954,
4:42.60, 30616,  1991,
4:42.80, 30566,  2325,
4:43.00, 30515,  1930,
4:43.20, 30489,  1964,
4:43.40, 30477,  2268,
4:43.60, 30477,  1955,
4:43.80, 30473,  1876,
4:44.00, 30469,  2218,
4:44.20, 30465,  1960,
4:44.40, 30460,  1875,
4:44.60, 30453,  2371,
4:44.80, 30453,  1836,
4:45.00, 30447,  2104,
4:45.20, 30447,  2243,
4:45.40, 30450,  2040,
4:45.60, 30455,  2244,
4:45.80, 30455,  2554,
4:46.00, 30470,  2632,
4:46.20, 30458,  2332,
4:46.40, 30385,  2676,
4:46.60, 30310,  2594,
4:46.80, 30232,  2476,
4:47.00, 30232,  2635,
4:47.20, 30187,  2167,
4:47.40, 30243,  2457,
4:47.60, 30299,  2379,
4:47.80, 30343,  1862,
4:48.00, 30343,  1692,
4:48.20, 30384,  2036,
4:48.40, 30361,  1514,
4:48.60, 30321,  2143,
4:48.80, 30279,  2122,
4:49.00, 30279,  2129,
4:49.20, 30230,  2062,
4:49.40, 30241,   933,
4:49.60, 30298,  2440,
4:49.80, 30384,  2204,
4:50.00, 30497,  1228,
4:50.20, 30497,  3678,
4:50.40, 30592,  3514,
4:50.60, 30642,  3010,
4:50.80, 30675,  2511,
4:51.00, 30681,  2195,
4:51.20, 30681,    23,
4:51.40, 30680,    23,
4:51.60, 30710,  1285,
4:51.80, 30751,  2896,
4:52.00, 30829,   794,
4:52.20, 30938,   102,
4:52.40, 30938,  3856,
4:52.60, 31092,  3219,
4:52.80, 31288,  3398,
4:53.00, 31483,  3987,
4:53.20, 31659,  4011,
4:53.40, 31659,  4003,
4:53.60, 31793,  4007,
4:53.80, 31871,  4012,
4:54.00, 31906,  4012,
4:54.20, 31955,  4015,
4:54.40, 31897,  4010,
4:54.60, 31897,  3991,
4:54.80, 31785,  3312,
4:55.00, 31664,  2712,
4:55.20, 31499,  2030,
4:55.40, 31396,  1945,
4:55.60, 31396,  2498,
4:55.80, 31324,  2259,
4:56.00, 31290,  1044,
4:56.20, 31297,    45,
4:56.40, 31361,    50,
4:56.60, 31361,   141,
4:56.80, 31474,  1675,
4:57.00, 31604,  1935,
4:57.20, 31723,  2322,
4:57.40, 31809,  3268,
4:57.60, 31902,  2744,
4:57.80, 31902,  1601,
4:58.00, 31990,  1560,
4:58.20, 32088,  1038,
4:58.40, 32210,  1771,
4:58.60, 32315,   179,
4:58.80, 32315,   210,
4:59.00, 32361,  1274,
4:59.20, 32358,   942,
4:59.40, 32325,   732,
4:59.60, 32282,  1910,
4:59.80, 32274,   202,
5:00.00, 32274,  1583,
5:00.20, 32288,  3265,
5:00.40, 32305,  3939,
5:00.60, 32308,  3862,
5:00.80, 32311,  2812,
5:01.00, 32311,  2148,
5:01.20, 32306,  2382,
5:01.40, 32318,  2031,
5:01.60, 32355,  1140,
5:01.80, 32394,    35,
5:02.00, 32442,   848,
5:02.20, 32442,  3857,
5:02.40, 32489,  2201,
5:02.60, 32526,  2747,
5:02.80, 32537,   932,
5:03.00, 32537,  2093,
5:03.20, 32537,  2038,
5:03.40, 32536,   539,
5:03.60, 32534,  3732,
5:03.80, 32499,  1607,
5:04.00, 32476,  2327,
5:04.20, 32476,  1454,
5:04.40, 32458,  1622,
5:04.60, 32408,   583,
5:04.80, 32423,  1134,
5:05.00, 32493,  1640,
5:05.20, 32554,  1977,
5:05.40, 32554,  1725,
5:05.60, 32620,  2430,
5:05.80, 32681,  2032,
5:06.00, 32732,  2963,
5:06.20, 32811,  2348,
5:06.40, 32811,  1573,
5:06.60, 32921,  1564,
5:06.80, 33034,  1616,
5:07.00, 33114,  1477,
5:07.20, 33177,  1663,
5:07.40, 33243,  1963,
5:07.60, 33243,  1856,
5:07.80, 33304,  2212,
5:08.00, 33356,  1758,
5:08.20, 33390,  1056,
5:08.40, 33410,  1804,
5:08.60, 33410,  1857,
5:08.80, 33418,  2238,
5:09.00, 33415,  2678,
5:09.20, 33410,  1981,
5:09.40, 33401,  1388,
5:09.60, 33388,  2343,
5:09.80, 33388,  2032,
5:10.00, 33371,  1781,
5:10.20, 33349,  2581,
5:10.40, 33328,  2516,
5:10.60, 33309,  2445,
5:10.80, 33309,  2159,
5:11.00, 33293,  1794,
5:11.20, 33280,   457,
5:11.40, 33267,   997,
5:11.60, 33249,  1793,
5:11.80, 33249,  2708,
5:12.00, 33228,  2304,
5:12.20, 33206,  2909,
5:12.40, 33184,  2530,
5:12.60, 33168,  2366,
5:12.80, 33150,  1309,
5:13.00, 33150,  2388,
5:13.20, 33099,  2080,
5:13.40, 33011,  2096,
5:13.60, 32906,  2072,
5:13.80, 32798,  2260,
5:14.00, 32798,  2244,
5:14.20, 32723,  1907,
5:14.40, 32689,  2026,
5:14.60, 32680,  2199,
5:14.80, 32690,  2095,
5:15.00, 32718,  2045,
5:15.20, 32718,  2327,
5:15.40, 32743,  2177,
5:15.60, 32750,  2091,
5:15.80, 32749,  2207,
5:16.00, 32738,  1873,
5:16.20, 32738,  1913,
5:16.40, 32729,  2216,
5:16.60, 32710,  1924,
5:16.80, 32621,  1971,
5:17.00, 32494,  2163,
5:17.20, 32361,  1974,
5:17.40, 32361,  1856,
5:17.60, 32231,  2110,
5:17.80, 32165,  1901,
5:18.00, 32140,  1905,
5:18.20, 32135,  1999,
5:18.40, 32135,  1764,
5:18.60, 32156,  1661,
5:18.80, 32181,  2088,
5:19.00, 32203,  1758,
5:19.20, 32213,  1918,
5:19.40, 32213,  2120,
5:19.60, 32219,  2076,
5:19.80, 32226,  1930,
5:20.00, 32236,  2398,
5:20.20, 32247,  1928,
5:20.40, 32256,  2289,
5:20.60, 32256,  2310,
5:20.80, 32264,  1947,
5:21.00, 32269,  2142,
5:21.20, 32271,  2509,
5:21.40, 32274,  2093,
5:21.60, 32274,  1970,
5:21.80, 32278,  1244,
5:22.00, 32290,  1185,
5:22.20, 32313,  1728,
5:22.40, 32346,  2563,
5:22.60, 32382,  2090,
5:22.80, 32382,  2056,
5:23.00, 32413,  2333,
5:23.20, 32438,  2013,
5:23.40, 32459,  2302,
5:23.60, 32479,  2167,
5:23.80, 32479,  2078,
5:24.00, 32500,  2025,
5:24.20, 32522,  2308,
5:24.40, 32541,  2017,
5:24.60, 32560,  2196,
5:24.80, 32560,  1176,
5:25.00, 32579,  2302,
5:25.20, 32594,  1877,
5:25.40, 32604,  2635,
5:25.60, 32614,  2474,
5:25.80, 32622,  1722,
5:26.00, 32622,  1991,
5:26.20, 32630,  2632,
5:26.40, 32638,  2159,
5:26.60, 32641,  2112,
5:26.80, 32641,  2428,
5:27.00, 32641,  2139,
5:27.20, 32638,  2127,
5:27.40, 32633,  2333,
5:27.60, 32627,  2123,
5:27.80, 32612,  2005,
5:28.00, 32573,  2183,
5:28.20, 32573,  1964,
5:28.40, 32523,  1836,
5:28.60, 32453,  2184,
5:28.80, 32368,  1963,
5:29.00, 32293,  1963,
5:29.20, 32293,  2062,
5:29.40, 32214,  1889,
5:29.60, 32162,  1775,
5:29.80, 32141,  2186,
5:30.00, 32142,  2172,
5:30.20, 32165,  2421,
5:30.40, 32165,  2397,
5:30.60, 32187,  2322,
5:30.80, 32218,  2414,
5:31.00, 32252,  2121,
5:31.20, 32292,  2358,
5:31.40, 32292,  2226,
5:31.60, 32335,  1688,
5:31.80, 32374,  2247,
5:32.00, 32410,  1904,
5:32.20, 32441,  1764,
5:32.40, 32441,  2142,
5:32.60, 32468,  1683,
5:32.80, 32490,  1864,
5:33.00, 32508,  2054,
5:33.20, 32521,  1860,
5:33.40, 32530,  1870,
5:33.60, 32530,  1079,
5:33.80, 32535,  2244,
5:34.00, 32534,   636,
5:34.20, 32530,  1658,
5:34.40, 32523,  2148,
5:34.60, 32523,  1994,
5:34.80, 32513,  2122,
5:35.00, 32502,  2207,
5:35.20, 32489,  2033,
5:35.40, 32475,  2142,
5:35.60, 32460,  2112,
5:35.80, 32460,  2090,
5:36.00, 32446,  2077,
5:36.20, 32435,  2030,
5:36.40, 32426,  2181,
5:36.60, 32420,  2045,
5:36.80, 32420,  1757,
5:37.00, 32414,  2469,
5:37.20, 32408,  2122,
5:37.40, 32403,  1373,
5:37.60, 32400,  2398,
5:37.80, 32400,  1957,
5:38.00, 32399,  1313,
5:38.20, 32400,  2330,
5:38.40, 32401,  2030,
5:38.60, 32402,  1389,
5:38.80, 32402,  2555,
5:39.00, 32402,  2188,
5:39.20, 32404,  1763,
5:39.40, 32407,  2414,
5:39.60, 32414,  1912,
5:39.80, 32427,  1950,
5:40.00, 32427,  2096,
5:40.20, 32441,  1968,
5:40.40, 32456,  2224,
5:40.60, 32472,  2228,
5:40.80, 32485,  2108,
5:41.00, 32497,  2156,
5:41.20, 32497,  2260,
5:41.40, 32510,  2094,
5:41.60, 32526,  1976,
5:41.80, 32549,  2943,
5:42.00, 32581,  2596,
5:42.20, 32581,  2202,
5:42.40, 32619,  2060,
5:42.60, 32662,  2328,
5:42.80, 32708,  1811,
5:43.00, 32753,  1932,
5:43.20, 32795,  1870,
5:43.40, 32795,  1772,
5:43.60, 32831,  1956,
5:43.80, 32859,  2149,
5:44.00, 32873,  1875,
5:44.20, 32836,  1904,
5:44.40, 32836,  1802,
5:44.60, 32766,  2104,
5:44.80, 32683,  2126,
5:45.00, 32576,  1466,
5:45.20, 32498,  2304,
5:45.40, 32498,  2161,
5:45.60, 32439,  2519,
5:45.80, 32390,  2217,
5:46.00, 32366,  2332,
5:46.20, 32353,  1924,
5:46.40, 32351,  2227,
5:46.60, 32351,  1884,
5:46.80, 32351,   992,
5:47.00, 32356,  1908,
5:47.20, 32360,  2056,
5:47.40, 32354,  2021,
5:47.60, 32354,  2358,
5:47.80, 32343,  2108,
5:48.00, 32322,  2303,
5:48.20, 32306,  2633,
5:48.40, 32302,  2188,
5:48.60, 32304,  2156,
5:48.80, 32304,  2068,
5:49.00, 32316,  2228,
5:49.20, 32328,  1053,
5:49.40, 32337,  1067,
5:49.60, 32342,  2521,
5:49.80, 32342,  2145,
5:50.00, 32344,  2315,
5:50.20, 32344,  2476,
5:50.40, 32343,  2290,
5:50.60, 32340,  2236,
5:50.80, 32340,  2435,
5:51.00, 32370,  2146,
5:51.20, 32496,  2312,
5:51.40, 32558,  2191,
5:51.60, 32584,  2124,
5:51.80, 32570,  2022,
5:52.00, 32570,  2069,
5:52.20, 32463,  2283,
5:52.40, 32412,  1850,
5:52.60, 32377,  1095,
5:52.80, 32349,  2445,
5:53.00, 32349,  1950,
5:53.20, 32327,  2081,
5:53.40, 32301,  2550,
5:53.60, 32287,  1747,
5:53.80, 32277,  1549,
5:54.00, 32264,  1952,
5:54.20, 32264,  1794,
5:54.40, 32266,  1999,
5:54.60, 32278,  2108,
5:54.80, 32290,  1801,
5:55.00, 32299,  2188,
5:55.20, 32299,  2099,
5:55.40, 32306,  2146,
5:55.60, 32304,  2016,
5:55.80, 32296,  2606,
5:56.00, 32287,  2488,
5:56.20, 32287,  2234,
5:56.40, 32277,  1910,
5:56.60, 32270,  2190,
5:56.80, 32256,  1898,
5:57.00, 32240,  2058,
5:57.20, 32236,  2083,
5:57.40, 32236,  1858,
5:57.60, 32238,  2078,
5:57.80, 32249,  1833,
5:58.00, 32263,  2065,
5:58.20, 32266,  2061,
5:58.40, 32266,  2439,
5:58.60, 32268,  2546,
5:58.80, 32275,  1910,
5:59.00, 32275,  1983,
5:59.20, 32274,  2320,
5:59.40, 32272,  1889,
5:59.60, 32272,  2035,
5:59.80, 32266,  2196,
6:00.00, 32269,  1941,
6:00.20, 32274,  1957,
6:00.40, 32276,  2114,
6:00.60, 32276,  1942,
6:00.80, 32276,  2162,
6:01.00, 32264,  1932,
6:01.20, 32225,  2110,
6:01.40, 32182,  1915,
6:01.60, 32142,  1995,
6:01.80, 32142,  2184,
6:02.00, 32101,  1980,
6:02.20, 32077,  1802,
6:02.40, 32040,  2402,
6:02.60, 31991,  2000,
6:02.80, 31991,  2860,
6:03.00, 31950,  2553,
6:03.20, 31920,  2094,
6:03.40, 31907,  2079,
6:03.60, 31910,  2351,
6:03.80, 31910,  2183,
6:04.00, 31929,  2119,
6:04.20, 31950,  2274,
6:04.40, 31957,  1824,
6:04.60, 31959,  1785,
6:04.80, 31967,  1944,
6:05.00, 31967,  1815,
6:05.20, 31978,  1759,
6:05.40, 31984,  1988,
6:05.60, 31989,  1869,
6:05.80, 31973,  1981,
6:06.00, 31973,  1932,
6:06.20, 31952,  1949,
6:06.40, 31946,  2184,
6:06.60, 31941,  2085,
6:06.80, 31938,  2059,
6:07.00, 31939,  2042,
6:07.20, 31939,  2060,
6:07.40, 31943,  2095,
6:07.60, 31943,  2035,
6:07.80, 31935,  1356,
6:08.00, 31919,  2133,
6:08.20, 31919,  1796,
6:08.40, 31903,  2582,
6:08.60, 31892,  2424,
6:08.80, 31882,  2005,
6:09.00, 31866,  2519,
6:09.20, 31842,  2430,
6:09.40, 31842,  2011,
6:09.60, 31811,  1977,
6:09.80, 31780,  2251,
6:10.00, 31753,  2018,
6:10.20, 31733,  2051,
6:10.40, 31733,  2297,
6:10.60, 31722,  1987,
6:10.80, 31717,  2092,
6:11.00, 31714,  2068,
6:11.20, 31711,  2296,
6:11.40, 31711,  2056,
6:11.60, 31706,  1401,
6:11.80, 31697,  2428,
6:12.00, 31691,  2014,
6:12.20, 31687,  1793,
6:12.40, 31686,  1993,
6:12.60, 31686,  2093,
6:12.80, 31688,  2158,
6:13.00, 31690,  2275,
6:13.20, 31692,  2012,
6:13.40, 31691,  2181,
6:13.60, 31691,  2050,
6:13.80, 31685,  2154,
6:14.00, 31673,  2060,
6:14.20, 31659,  1907,
6:14.40, 31656,  2142,
6:14.60, 31665,  2093,
6:14.80, 31665,  1331,
6:15.00, 31688,  2467,
6:15.20, 31718,  2000,
6:15.40, 31743,  2618,
6:15.60, 31764,  2606,
6:15.80, 31764,  2040,
6:16.00, 31786,  2381,
6:16.20, 31827,  2584,
6:16.40, 31856,  2077,
6:16.60, 31868,  2320,
6:16.80, 31868,  2347,
6:17.00, 31869,  2257,
6:17.20, 31876,  2805,
6:17.40, 31876,  2340,
6:17.60, 31882,  1972,
6:17.80, 31892,  2231,
6:18.00, 31892,  2548,
6:18.20, 31876,  2196,
6:18.40, 31882,  2304,
6:18.60, 31898,  2426,
6:18.80, 31917,  1556,
6:19.00, 31917,  1576,
6:19.20, 31941,  1752,
6:19.40, 31967,  1436,
6:19.60, 31995,  1475,
6:19.80, 32025,  2065,
6:20.00, 32051,  1711,
6:20.20, 32051,  1766,
6:20.40, 32075,  2134,
6:20.60, 32097,  2107,
6:20.80, 32114,  2358,
6:21.00, 32127,  2537,
6:21.20, 32127,  3786,
6:21.40, 32139,  3281,
6:21.60, 32151,  2718,
6:21.80, 32163,  2274,
6:22.00, 32174,  2038,
6:22.20, 32181,   880,
6:22.40, 32181,  1763,
6:22.60, 32184,  1943,
6:22.80, 32188,  1725,
6:23.00, 32191,  2536,
6:23.20, 32194,  1560,
6:23.40, 32194,  2340,
6:23.60, 32190,  1652,
6:23.80, 32141,   142,
6:24.00, 32033,   437,
6:24.20, 31863,  1883,
6:24.40, 31863,  1170,
6:24.60, 31681,  2502,
6:24.80, 31547,  3074,
6:25.00, 31431,  3389,
6:25.20, 31359,  2273,
6:25.40, 31334,  2432,
6:25.60, 31334,  2327,
6:25.80, 31323,  2136,
6:26.00, 31391,   233,
6:26.20, 31516,   467,
6:26.40, 31642,  2461,
6:26.60, 31642,  2245,
6:26.80, 31800,  2244,
6:27.00, 31972,  2889,
6:27.20, 32154,  2355,
6:27.40, 32353,  2729,
6:27.60, 32545,  2078,
6:27.80, 32545,  1339,
6:28.00, 32724,   147,
6:28.20, 32882,  1068,
6:28.40, 33019,  1431,
6:28.60, 33140,  2248,
6:28.80, 33140,  1747,
6:29.00, 33238,  2091,
6:29.20, 33297,  2939,
6:29.40, 33329,  3014,
6:29.60, 33339,  2430,
6:29.80, 33339,  2847,
6:30.00, 33330,   409,
6:30.20, 33349,  2626,
6:30.40, 33405,  3066,
6:30.60, 33498,  3953,
6:30.80, 33613,  1991,
6:31.00, 33613,  3336,
6:31.20, 33711,  3895,
6:31.40, 33742,  3176,
6:31.60, 33723,  3966,
6:31.80, 33705,  3958,
6:32.00, 33705,  3340,
6:32.20, 33686,  2359,
6:32.40, 33673,  1852,
6:32.60, 33690,  1824,
6:32.80, 33713,  1506,
6:33.00, 33757,  1337,
6:33.20, 33757,  2021,
6:33.40, 33836,  1688,
6:33.60, 33908,  2607,
6:33.80, 33966,  2594,
6:34.00, 34014,  2102,
6:34.20, 34014,   865,
6:34.40, 34061,  1517,
6:34.60, 34106,  1590,
6:34.80, 34149,  1909,
6:35.00, 34183,  1876,
6:35.20, 34185,  1902,
6:35.40, 34185,  2165,
6:35.60, 34154,  1749,
6:35.80, 34101,  2794,
6:36.00, 34049,  2957,
6:36.20, 34029,  2207,
6:36.40, 34029,  1330,
6:36.60, 34040,  2320,
6:36.80, 34073,  1589,
6:37.00, 34114,  1272,
6:37.20, 34129,  2167,
6:37.40, 34129,  2152,
6:37.60, 34076,  2488,
6:37.80, 33970,  2444,
6:38.00, 33855,  2222,
6:38.20, 33759,  2696,
6:38.40, 33722,  1525,
6:38.60, 33722,    15,
6:38.80, 33731,    41,
6:39.00, 33748,   106,
6:39.20, 33773,  1762,
6:39.40, 33808,  2570,
6:39.60, 33808,  2334,
6:39.80, 33843,  2170,
6:40.00, 33853,  2187,
6:40.20, 33826,  2170,
6:40.40, 33777,  2327,
6:40.60, 33736,  2319,
6:40.80, 33736,  1995,
6:41.00, 33750,  2138,
6:41.20, 33822,  1653,
6:41.40, 33930,  1789,
6:41.60, 34045,  1878,
6:41.80, 34045,  1726,
6:42.00, 34128,  1690,
6:42.20, 34157,  2323,
6:42.40, 34133,  1938,
6:42.60, 34064,  2155,
6:42.80, 34064,  2267,
6:43.00, 33981,  2108,
6:43.20, 33916,  2410,
6:43.40, 33876,  2035,
6:43.60, 33867,  1890,
6:43.80, 33866,  1982,
6:44.00, 33866,  2065,
6:44.20, 33864,  2188,
6:44.40, 33851,  2429,
6:44.60, 33834,  2278,
6:44.80, 33810,  2251,
6:45.00, 33810,  2363,
6:45.20, 33784,  1764,
6:45.40, 33761,  2788,
6:45.60, 33726,  2178,
6:45.80, 33672,  1910,
6:46.00, 33609,  2650,
6:46.20, 33609,  2155,
6:46.40, 33541,  2257,
6:46.60, 33510,  2320,
6:46.80, 33533,  2192,
6:47.00, 33591,  2079,
6:47.20, 33591,  2373,
6:47.40, 33661,  1763,
6:47.60, 33676,  1880,
6:47.80, 33640,  2198,
6:48.00, 33540,  1969,
6:48.20, 33396,  1907,
6:48.40, 33396,  2490,
6:48.60, 33252,  1997,
6:48.80, 33098,  2176,
6:49.00, 32979,  2256,
6:49.20, 32925,  1616,
6:49.40, 32925,  1790,
6:49.60, 32931,  2146,
6:49.80, 32962,  1920,
6:50.00, 33004,  2141,
6:50.20, 33020,  2062,
6:50.40, 33020,  2286,
6:50.60, 33002,  2259,
6:50.80, 32977,  2373,
6:51.00, 32923,  2185,
6:51.20, 32852,  2295,
6:51.40, 32777,  2236,
6:51.60, 32777,  2256,
6:51.80, 32714,  2084,
6:52.00, 32688,  1828,
6:52.20, 32706,  2333,
6:52.40, 32765,  1980,
6:52.60, 32765,  2595,
6:52.80, 32847,  2452,
6:53.00, 32911,  1867,
6:53.20, 32939,  1863,
6:53.40, 32934,  2396,
6:53.60, 32912,  2075,
6:53.80, 32912,  1908,
6:54.00, 32897,  2183,
6:54.20, 32902,  1955,
6:54.40, 32921,  1849,
6:54.60, 32955,  1848,
6:54.80, 32955,  2194,
6:55.00, 32991,  2083,
6:55.20, 33029,  2155,
6:55.40, 33061,  2439,
6:55.60, 33075,  2160,
6:55.80, 33081,  2158,
6:56.00, 33081,  2607,
6:56.20, 33083,  2044,
6:56.40, 33070,  2926,
6:56.60, 33041,  2298,
6:56.80, 33027,  2032,
6:57.00, 33027,  2389,
6:57.20, 33029,  2573,
6:57.40, 33060,  2375,
6:57.60, 33118,  2356,
6:57.80, 33173,  2671,
6:58.00, 33173,  2095,
6:58.20, 33221,  2036,
6:58.40, 33266,  2423,
6:58.60, 33312,  2182,
6:58.80, 33358,  2200,
6:59.00, 33402,  2029,
6:59.20, 33402,  2113,
6:59.40, 33446,  2134,
6:59.60, 33491,  2338,
6:59.80, 33539,  2311,
7:00.00, 33580,  2184,
7:00.20, 33580,  2091,
7:00.40, 33621,  1689,
7:00.60, 33656,  1790,
7:00.80, 33670,  1961,
7:01.00, 33673,  1826,
7:01.20, 33658,  2379,
7:01.40, 33658,  2530,
7:01.60, 33631,  2391,
7:01.80, 33614,  2735,
7:02.00, 33607,  2416,
7:02.20, 33616,  2336,
7:02.40, 33616,  2554,
7:02.60, 33648,  1909,
7:02.80, 33703,  1909,
7:03.00, 33776,  2140,
7:03.20, 33861,  1962,
7:03.40, 33861,  2000,
7:03.60, 33948,  1839,
7:03.80, 34031,  1760,
7:04.00, 34105,  2253,
7:04.20, 34168,  2113,
7:04.40, 34218,  1107,
7:04.60, 34218,  2374,
7:04.80, 34254,  2033,
7:05.00, 34278,  1811,
7:05.20, 34295,  2384,
7:05.40, 34307,  2112,
7:05.60, 34307,  1421,
7:05.80, 34316,  2327,
7:06.00, 34323,  1701,
7:06.20, 34327,  2179,
7:06.40, 34330,  2482,
7:06.60, 34326,  2184,
7:06.80, 34326,  2994,
7:07.00, 34316,  2603,
7:07.20, 34304,  2143,
7:07.40, 34288,  1611,
7:07.60, 34270,  2427,
7:07.80, 34270,  1925,
7:08.00, 34254,  1502,
7:08.20, 34236,  2386,
7:08.40, 34217,  1776,
7:08.60, 34200,  2412,
7:08.80, 34183,  2113,
7:09.00, 34183,  1721,
7:09.20, 34165,  1647,
7:09.40, 34145,  2064,
7:09.60, 34123,  1839,
7:09.80, 34100,  1737,
7:10.00, 34100,  2081,
7:10.20, 34078,  1891,
7:10.40, 34057,  1875,
7:10.60, 34037,  2068,
7:10.80, 34017,  1881,
7:11.00, 34017,  1889,
7:11.20, 33996,  2078,
7:11.40, 33976,  1881,
7:11.60, 33957,  2016,
7:11.80, 33939,  2039,
7:12.00, 33924,  2001,
7:12.20, 33924,  2040,
7:12.40, 33908,  1667,
7:12.60, 33893,  2364,
7:12.80, 33876,  1845,
7:13.00, 33860,  1153,
7:13.20, 33860,  2320,
7:13.40, 33843,  1795,
7:13.60, 33826,  2652,
7:13.80, 33810,  2139,
7:14.00, 33790,  1749,
7:14.20, 33769,  1998,
7:14.40, 33769,  2231,
7:14.60, 33745,  1532,
7:14.80, 33720,  1763,
7:15.00, 33696,  2376,
7:15.20, 33708,  1955,
7:15.40, 33708,  2098,
7:15.60, 33717,  2086,
7:15.80, 33708,  1934,
7:16.00, 33695,  2036,
7:16.20, 33634,  1850,
7:16.40, 33634,    76,
7:16.60, 33580,   543,
7:16.80, 33549,  1637,
7:17.00, 33529,  1729,
7:17.20, 33528,  2031,
7:17.40, 33534,  2268,
7:17.60, 33534,  2106,
7:17.80, 33544,  2116,
7:18.00, 33557,  2066,
7:18.20, 33572,  1983,
7:18.40, 33589,  2030,
7:18.60, 33589,  1938,
7:18.80, 33611,  2212,
7:19.00, 33633,  2076,
7:19.20, 33653,  2439,
7:19.40, 33669,  2625,
7:19.60, 33677,  2180,
7:19.80, 33677,  2278,
7:20.00, 33684,  2333,
7:20.20, 33691,  2056,
7:20.40, 33697,  2274,
7:20.60, 33699,  2399,
7:20.80, 33699,  1881,
7:21.00, 33699,  2154,
7:21.20, 33694,  2259,
7:21.40, 33690,  1958,
7:21.60, 33687,  2157,
7:21.80, 33683,  2066,
7:22.00, 33683,  1978,
7:22.20, 33678,  2265,
7:22.40, 33671,  2129,
7:22.60, 33667,  2352,
7:22.80, 33663,  2190,
7:23.00, 33663,  1507,
7:23.20, 33662,  2578,
7:23.40, 33659,  1989,
7:23.60, 33640,  2762,
7:23.80, 33602,  2566,
7:24.00, 33602,  2071,
7:24.20, 33555,  2000,
7:24.40, 33511,  2399,
7:24.60, 33481,  1928,
7:24.80, 33471,  2106,
7:25.00, 33472,  2092,
7:25.20, 33472,  2081,
7:25.40, 33476,  2016,
7:25.60, 33483,  1252,
7:25.80, 33505,  2501,
7:26.00, 33515,  2070,
7:26.20, 33515,  2076,
7:26.40, 33517,  2394,
7:26.60, 33512,  1935,
7:26.80, 33486,  1933,
7:27.00, 33469,  1962,
7:27.20, 33459,  1754,
7:27.40, 33459,  2092,
7:27.60, 33454,  1986,
7:27.80, 33454,  2089,
7:28.00, 33452,  2104,
7:28.20, 33441,  2091,
7:28.40, 33441,  2247,
7:28.60, 33430,  2188,
7:28.80, 33428,  2181,
7:29.00, 33431,  2195,
7:29.20, 33357,  2178,
7:29.40, 33035,  2363,
7:29.60, 33035,  2191,
7:29.80, 32565,  2213,
7:30.00, 32032,  2326,
7:30.20, 31547,  2161,
7:30.40, 31295,  2116,
7:30.60, 31295,  2201,
7:30.80, 31174,  2013,
7:31.00, 31119,  2071,
7:31.20, 31114,  2037,
7:31.40, 31131,  2052,
7:31.60, 31131,  1928,
7:31.80, 31161,  1072,
7:32.00, 31199,  2329,
7:32.20, 31227,  1943,
7:32.40, 31254,  1954,
7:32.60, 31293,  2331,
7:32.80, 31293,  1979,
7:33.00, 31342,  1955,
7:33.20, 31393,  2180,
7:33.40, 31404,  1964,
7:33.60, 31405,  1552,
7:33.80, 31405,  2683,
7:34.00, 31380,  3228,
7:34.20, 31324,  2133,
7:34.40, 31315,  2074,
7:34.60, 31314,  2107,
7:34.80, 31328,  2081,
7:35.00, 31328,  1847,
7:35.20, 31366,  3968,
7:35.40, 31384,  3062,
7:35.60, 31403,  1894,
7:35.80, 31387,  2578,
7:36.00, 31387,  2152,
7:36.20, 31389,  1934,
7:36.40, 31422,  2294,
7:36.60, 31454,  2080,
7:36.80, 31528,  2086,
7:37.00, 31528,  1917,
7:37.20, 31604,  1873,
7:37.40, 31671,  2030,
7:37.60, 31737,  1857,
7:37.80, 31793,  1875,
7:38.00, 31840,  2044,
7:38.20, 31840,  1920,
7:38.40, 31881,  2115,
7:38.60, 31916,  2073,
7:38.80, 31949,  2254,
7:39.00, 31978,  2050,
7:39.20, 31978,  2682,
7:39.40, 32005,  2339,
7:39.60, 32029,  1947,
7:39.80, 32049,  1908,
7:40.00, 32065,  2079,
7:40.20, 32079,  1882,
7:40.40, 32079,  1992,
7:40.60, 32103,  1214,
7:40.80, 32126,  2461,
7:41.00, 32079,  2193,
7:41.20, 31947,  1329,
7:41.40, 31947,  2929,
7:41.60, 31794,  2083,
7:41.80, 31659,  2939,
7:42.00, 31578,  2808,
7:42.20, 31507,  2321,
7:42.40, 31398,  2705,
7:42.60, 31398,  2403,
7:42.80, 31263,  2283,
7:43.00, 31204,  2842,
7:43.20, 31216,  2804,
7:43.40, 31246,  2540,
7:43.60, 31246,  3232,
7:43.80, 31279,  2876,
7:44.00, 31316,  3004,
7:44.20, 31425,  3344,
7:44.40, 31565,  2250,
7:44.60, 31565,  1831,
7:44.80, 31721,  1332,
7:45.00, 31811,  2196,
7:45.20, 31836,  1747,
7:45.40, 31862,   952,
7:45.60, 31878,  2370,
7:45.80, 31878,  1855,
7:46.00, 31895,  2293,
7:46.20, 31909,  2314,
7:46.40, 31921,  1957,
7:46.60, 31930,  1915,
7:46.80, 31930,  2131,
7:47.00, 31939,  1918,
7:47.20, 31945,  1910,
7:47.40, 31950,  2108,
7:47.60, 31955,  1917,
7:47.80, 31961,  2048,
7:48.00, 31961,  1821,
7:48.20, 31967,  2185,
7:48.40, 31975,  1873,
7:48.60, 31981,  2957,
7:48.80, 31986,  2350,
7:49.00, 31986,  1912,
7:49.20, 31990,  2069,
7:49.40, 31992,  2124,
7:49.60, 31993,  1843,
7:49.80, 31992,  1845,
7:50.00, 31992,  1671,
7:50.20, 31989,  1645,
7:50.40, 31986,  1955,
7:50.60, 31986,  1426,
7:50.80, 31986,  2237,
7:51.00, 31986,  1930,
7:51.20, 31986,  1906,
7:51.40, 31987,  2607,
7:51.60, 31989,  1860,
7:51.80, 31991,   605,
7:52.00, 31996,  1575,
7:52.20, 31996,  2187,
7:52.40, 32001,  2536,
7:52.60, 32005,  2821,
7:52.80, 31999,  2297,
7:53.00, 31984,  2388,
7:53.20, 31966,  1536,
7:53.40, 31966,  2648,
7:53.60, 31944,  2184,
7:53.80, 31927,  2756,
7:54.00, 31918,  2629,
7:54.20, 31913,  2171,
7:54.40, 31913,  2150,
7:54.60, 31914,  2352,
7:54.80, 31924,  1240,
7:55.00, 31941,  1335,
7:55.20, 31956,  2004,
7:55.40, 31958,  1986,
7:55.60, 31958,  2334,
7:55.80, 31954,  2101,
7:56.00, 31973,  1875,
7:56.20, 32000,  2122,
7:56.40, 32042,  2300,
7:56.60, 32042,  1620,
7:56.80, 32123,  1635,
7:57.00, 32215,  1984,
7:57.20, 32327,  1947,
7:57.40, 32446,  2828,
7:57.60, 32446,  2944,
7:57.80, 32519,  2392,
7:58.00, 32538,  2357,
7:58.20, 32543,  2142,
7:58.40, 32555,  2225,
7:58.60, 32598,  2323,
7:58.80, 32598,  1451,
7:59.00, 32678,  2299,
7:59.20, 32772,  1927,
7:59.40, 32871,  2205,
7:59.60, 32969,  2279,
7:59.80, 32969,  1872,
8:00.00, 33066,  1815,
8:00.20, 33156,  2119,
8:00.40, 33239,  1821,
8:00.60, 33309,  1965,
8:00.80, 33364,  1942,
8:01.00, 33364,  2012,
8:01.20, 33406,  2084,
8:01.40, 33435,  2061,
8:01.60, 33457,  2236,
8:01.80, 33473,  1918,
8:02.00, 33473,   992,
8:02.20, 33485,  2350,
8:02.40, 33494,  1927,
8:02.60, 33498,  2173,
8:02.80, 33490,  2536,
8:03.00, 33474,  2010,
8:03.20, 33474,  2683,
8:03.40, 33454,  2453,
8:03.60, 33431,  1960,
8:03.80, 33411,  2403,
8:04.00, 33391,  2227,
8:04.20, 33391,  1736,
8:04.40, 33376,  1937,
8:04.60, 33364,  2428,
8:04.80, 33355,  2017,
8:05.00, 33339,  2302,
8:05.20, 33339,  2383,
8:05.40, 33316,  1959,
8:05.60, 33291,  2757,
8:05.80, 33255,  2443,
8:06.00, 33217,  1985,
8:06.20, 33181,  2088,
8:06.40, 33181,  2395,
8:06.60, 33138,  1918,
8:06.80, 33103,  2138,
8:07.00, 33073,  2364,
8:07.20, 33035,  2070,
8:07.40, 33035,  2617,
8:07.60, 32996,  2358,
8:07.80, 32955,  1842,
8:08.00, 32917,  2197,
8:08.20, 32892,  2368,
8:08.40, 32877,  1947,
8:08.60, 32877,  1931,
8:08.80, 32865,  2243,
8:09.00, 32856,  1994,
8:09.20, 32847,  2023,
8:09.40, 32837,  2211,
8:09.60, 32837,  2148,
8:09.80, 32827,  2026,
8:10.00, 32818,  2138,
8:10.20, 32808,  1949,
8:10.40, 32800,  1998,
8:10.60, 32800,  2008,
8:10.80, 32791,  2033,
8:11.00, 32780,  1886,
8:11.20, 32768,  2151,
8:11.40, 32758,  2040,
8:11.60, 32747,  2055,
8:11.80, 32747,  2158,
8:12.00, 32738,  2123,
8:12.20, 32731,  1885,
8:12.40, 32723,  2072,
8:12.60, 32715,  2050,
8:12.80, 32715,  2624,
8:13.00, 32708,  2060,
8:13.20, 32696,  2075,
8:13.40, 32684,  2383,
8:13.60, 32671,  2493,
8:13.80, 32660,  2361,
8:14.00, 32660,  3009,
8:14.20, 32655,  2480,
8:14.40, 32656,  1975,
8:14.60, 32663,  2093,
8:14.80, 32672,  1912,
8:15.00, 32672,  1933,
8:15.20, 32690,  2265,
8:15.40, 32712,  2354,
8:15.60, 32725,  2183,
8:15.80, 32739,  1948,
8:16.00, 32734,  2147,
8:16.20, 32734,  1827,
8:16.40, 32719,  1956,
8:16.60, 32716,  1948,
8:16.80, 32716,  1812,
8:17.00, 32726,  1939,
8:17.20, 32726,  2167,
8:17.40, 32730,  1933,
8:17.60, 32732,  2018,
8:17.80, 32729,  2146,
8:18.00, 32716,  1745,
8:18.20, 32716,  2008,
8:18.40, 32693,  1768,
8:18.60, 32651,  1996,
8:18.80, 32595,  2517,
8:19.00, 32543,  3171,
8:19.20, 32511,  1859,
8:19.40, 32511,  2666,
8:19.60, 32527,  2683,
8:19.80, 32586,  2205,
8:20.00, 32648,  1216,
8:20.20, 32681,  1490,
8:20.40, 32681,  1761,
8:20.60, 32656,  2014,
8:20.80, 32587,  1750,
8:21.00, 32528,  2112,
8:21.20, 32499,  3117,
8:21.40, 32467,  3277,
8:21.60, 32467,  2516,
8:21.80, 32401,  2726,
8:22.00, 32326,  2463,
8:22.20, 32280,   160,
8:22.40, 32299,  1199,
8:22.60, 32299,  1559,
8:22.80, 32389,  1595,
8:23.00, 32506,  2169,
8:23.20, 32614,  2527,
8:23.40, 32707,   555,
8:23.60, 32707,    25,
8:23.80, 32802,    39,
8:24.00, 32894,  1429,
8:24.20, 32962,  2779,
8:24.40, 33020,  3921,
8:24.60, 33077,  3228,
8:24.80, 33077,  1919,
8:25.00, 33104,  1372,
8:25.20, 33153,    44,
8:25.40, 33189,   701,
8:25.60, 33193,  1230,
8:25.80, 33193,  1795,
8:26.00, 33206,  1994,
8:26.20, 33212,  1857,
8:26.40, 33239,  1878,
8:26.60, 33297,  1846,
8:26.80, 33379,  1227,
8:27.00, 33379,  2671,
8:27.20, 33476,  3931,
8:27.40, 33553,  4007,
8:27.60, 33628,  3715,
8:27.80, 33701,   481,
8:28.00, 33701,  1862,
8:28.20, 33787,  2346,
8:28.40, 33874,  2063,
8:28.60, 33918,  2384,
8:28.80, 33937,  2597,
8:29.00, 33928,   294,
8:29.20, 33928,   661,
8:29.40, 33947,  1063,
8:29.60, 33999,  3251,
8:29.80, 33972,  3949,
8:30.00, 31434,  3996,
8:30.20, 31434,  4014,
8:30.40, 25816,  4020,
8:30.60, 18724,  4022,
8:30.80, 11012,  4014,
8:31.00,  5456,  3998,
8:31.20,  5456,  2139,
8:31.40,  2785,   299,
8:31.60,  1557,  1888,
8:31.80,  1273,  2417,
8:32.00,  1101,  1768,
8:32.20,  1042,  2534,
8:32.40,  1042,  2745,
8:32.60,   943,  2499,
8:32.80,   568,  2039,
8:33.00,   392,  1642,
8:33.20,   322,  1827,
8:33.40,   322,  1169,
8:33.60,   546,  1381,
8:33.80,   789,  2024,
8:34.00,   899,  1826,
8:34.20,   919,  1651,
8:34.40,   661,  1678,
8:34.60,   661,  1714,
8:34.80,   386,  1657,
8:35.00,   271,  1551,
8:35.20,   196,  1496,
8:35.40,   164,  1166,
8:35.60,   164,  2622,
8:35.80,   150,  2211,
8:36.00,   142,  1856,
8:36.20,   129,  2118,
8:36.40,   127,  1901,
8:36.60,   127,  2246,
8:36.80,   153,  1901,
8:37.00,   181,  2361,
8:37.20,   214,  2394,
8:37.40,   225,  2193,
8:37.60,   216,  2173,
8:37.80,   216,  2321,
8:38.00,   201,  2149,
8:38.20,   184,  2204,
8:38.40,   175,  2255,
8:38.60,   175,  1884,
8:38.80,   175,  2110,
8:39.00,   194,  2040,
8:39.20,   202,  1919,
8:39.40,   208,  2214,
8:39.60,   239,  1973,
8:39.80,   195,  2057,
8:40.00,   195,  2282,
8:40.20,   150,  1706,
8:40.40,   126,  1987,
8:40.60,    75,  2219,
8:40.80,    44,  1952,
8:41.00,    44,  2028,
8:41.20,    34,  2305,
8:41.40,    19,  1906,
8:41.60,     3,  2060,
8:41.80,    25,  2134,
8:42.00,    69,  2138,
8:42.20,    69,  2274,
8:42.40,   104,  2292,
8:42.60,    92,  2075,
8:42.80,    92,  2163,
8:43.00,    57,  2250,
8:43.20,    57,  1912,
8:43.40,    27,  2170,
8:43.60,    34,  2116,
8:43.80,     0,  2287,
8:44.00,    30,  2109,
8:44.20,    30,  1833,
8:44.40,    25,  2490,
8:44.60,    36,  2069,
8:44.80,   124,  2068,
8:45.00,   136,  2338,
8:45.20,   192,  2014,
8:45.40,   192,  2050,
8:45.60,   179,  2109,
8:45.80,    83,  2090,
8:46.00,     0,  2235,
8:46.20,     0,  2007,
8:46.40,     0,  2493,
8:46.60,     0,  1958,
8:46.80,     0,  2029,
8:47.00,     0,  2261,
8:47.20,     0,  2052,
8:47.40,     0,  2194,
8:47.60,     0,  2063,
8:47.80,     0,  2278,
8:48.00,     0,  2076,
8:48.20,     0,  2289,
8:48.40,     0,  2344,
8:48.60,     0,  1969,
8:48.80,     0,  1937,
8:49.00,     0,  1858,
8:49.20,     0,  2121,
8:49.40,     0,  1975,
8:49.60,     0,  2064,
8:49.80,     0,  2153,
8:50.00,     0,  2175,
8:50.20,     0,  2040,
8:50.40,     0,  1203,
8:50.60,     0,  2089,
8:50.80,     0,  1564,
8:51.00,     0,  1679,
8:51.20,    22,  2098,
8:51.40,    54,  1873,
8:51.60,    83,  2206,
8:51.80,    83,  2227,
8:52.00,   102,  2396,
8:52.20,   336,  2086,
8:52.40,  1184,  2303,
8:52.60,  2146,  2606,
8:52.80,  3652,  2139,
8:53.00,  3652,  2206,
8:53.20,  7242,  2180,
8:53.40, 12441,  1906,
8:53.60, 18665,  1962,
8:53.80, 24844,  2086,
8:54.00, 24844,  2475,
8:54.20, 28892,  2996,
8:54.40, 30776,   288,
8:54.60, 31574,     5,
8:54.80, 31883,     9,
8:55.00, 32013,  4029,
8:55.20, 32013,  4034,
8:55.40, 32050,  4031,
8:55.60, 32002,  4030,
8:55.80, 31941,  4029,
8:56.00, 31876,  4027,
8:56.20, 31876,  4027,
8:56.40, 31832,  4029,
8:56.60, 31832,  4029,
8:56.80, 31818,  4025,
8:57.00, 31785,  4024,
8:57.20, 31785,  4017,
8:57.40, 31706,  4013,
8:57.60, 31618,  3975,
8:57.80, 31589,  2893,
8:58.00, 31674,  1985,
8:58.20, 31805,  1284,
8:58.40, 31805,  1700,
8:58.60, 31963,  3645,
8:58.80, 32095,  3780,
8:59.00, 32159,  3405,
8:59.20, 32233,    35,
8:59.40, 32233,    14,
8:59.60, 32296,     7,
8:59.80, 32476,     5,
9:00.00, 33245,     8,
9:00.20, 33686,     9,
9:00.40, 33883,     9,
9:00.60, 33883,    10,
9:00.80, 33829,    14,
9:01.00, 33100,    18,
9:01.20, 32669,    39,
9:01.40, 32475,  1620,
9:01.60, 32475,  1704,
9:01.80, 32409,  2002,
9:02.00, 32436,  2696,
9:02.20, 32512,  2424,
9:02.40, 32679,  1733,
9:02.60, 32843,  2627,
9:02.80, 32843,  2157,
9:03.00, 33000,  2787,
9:03.20, 33147,  3036,
9:03.40, 33216,  2286,
9:03.60, 33293,  2210,
9:03.80, 33293,  2025,
9:04.00, 33370,  1721,
9:04.20, 33432,  2640,
9:04.40, 33487,  1958,
9:04.60, 33529,  2148,
9:04.80, 33529,  2008,
9:05.00, 33563,  2000,
9:05.20, 33581,  1967,
9:05.40, 33590,  1893,
9:05.60, 33596,  2253,
9:05.80, 33588,  1382,
9:06.00, 33588,  2682,
9:06.20, 33576,  2703,
9:06.40, 33538,  2331,
9:06.60, 33491,  2459,
9:06.80, 33450,  2258,
9:07.00, 33450,  2513,
9:07.20, 33424,  2736,
9:07.40, 33431,  2512,
9:07.60, 33440,  2736,
9:07.80, 33431,  2598,
9:08.00, 33408,  2347,
9:08.20, 33408,  1982,
9:08.40, 33353,  2391,
9:08.60, 33315,  2498,
9:08.80, 33307,  1689,
9:09.00, 33287,  1855,
9:09.20, 33287,  3316,
9:09.40, 33294,  2129,
9:09.60, 33263,   765,
9:09.80, 33188,  1373,
9:10.00, 33116,  2435,
9:10.20, 33116,  2411,
9:10.40, 33036,  2085,
9:10.60, 32983,  2408,
9:10.80, 32984,  2029,
9:11.00, 33017,  2135,
9:11.20, 33066,  1645,
9:11.40, 33066,  2038,
9:11.60, 33118,  1957,
9:11.80, 33158,  2600,
9:12.00, 33185,  2365,
9:12.20, 33203,   217,
9:12.40, 33203,  1747,
9:12.60, 33216,  2386,
9:12.80, 33224,  2212,
9:13.00, 33229,  2250,
9:13.20, 33233,  3221,
9:13.40, 33248,  3094,
9:13.60, 33248,  1387,
9:13.80, 33252,  1852,
9:14.00, 33242,  2643,
9:14.20, 33230,  2000,
9:14.40, 33205,  2512,
9:14.60, 33205,  1612,
9:14.80, 33192,  1478,
9:15.00, 33201,  1927,
9:15.20, 33225,  2190,
9:15.40, 33258,  2807,
9:15.60, 33325,  2207,
9:15.80, 33325,  2067,
9:16.00, 33366,  2647,
9:16.20, 33392,  2151,
9:16.40, 33410,  1968,
9:16.60, 33398,  2351,
9:16.80, 33398,  2066,
9:17.00, 33407,  2026,
9:17.20, 33425,  2649,
9:17.40, 33448,  2402,
9:17.60, 33472,  2272,
9:17.80, 33472,  1801,
9:18.00, 33496,  2167,
9:18.20, 33517,   988,
9:18.40, 33533,  1377,
9:18.60, 33548,  1987,
9:18.80, 33558,  2420,
9:19.00, 33558,  1795,
9:19.20, 33565,  2115,
9:19.40, 33569,  1764,
9:19.60, 33581,  2068,
9:19.80, 33584,  2072,
9:20.00, 33584,  2244,
9:20.20, 33577,  2022,
9:20.40, 33573,  2636,
9:20.60, 33563,  2333,
9:20.80, 33566,  1625,
9:21.00, 33585,  2058,
9:21.20, 33585,  2309,
9:21.40, 33633,  2265,
9:21.60, 33657,  2155,
9:21.80, 33672,  2066,
9:22.00, 33676,  2058,
9:22.20, 33676,  1902,
9:22.40, 33652,  2347,
9:22.60, 33652,  2255,
9:22.80, 33658,  1820,
9:23.00, 33670,  2005,
9:23.20, 33678,  1887,
9:23.40, 33678,  2348,
9:23.60, 33680,  1741,
9:23.80, 33677,  1523,
9:24.00, 33666,  2566,
9:24.20, 33651,  2225,
9:24.40, 33651,  2502,
9:24.60, 33634,  2069,
9:24.80, 33615,  1484,
9:25.00, 33591,  2385,
9:25.20, 33550,  1071,
9:25.40, 33550,   886,
9:25.60, 33499,  2156,
9:25.80, 33449,  3982,
9:26.00, 33377,  3900,
9:26.20, 33297,  3006,
9:26.40, 33236,  2191,
9:26.60, 33236,  1211,
9:26.80, 33188,  1071,
9:27.00, 33184,  2386,
9:27.20, 33217,  2406,
9:27.40, 33262,  2408,
9:27.60, 33262,  1820,
9:27.80, 33352,  3120,
9:28.00, 33484,  3584,
9:28.20, 33632,  3135,
9:28.40, 33799,  2262,
9:28.60, 33961,    21,
9:28.80, 33961,  1600,
9:29.00, 34094,  1836,
9:29.20, 34206,  2021,
9:29.40, 34292,  2509,
9:29.60, 34339,  2190,
9:29.80, 34339,  1646,
9:30.00, 34369,  2294,
9:30.20, 34420,  2086,
9:30.40, 34484,   974,
9:30.60, 34553,  2999,
9:30.80, 34553,  1808,
9:31.00, 34618,   319,
9:31.20, 34670,  2134,
9:31.40, 34713,  2400,
9:31.60, 34752,  1848,
9:31.80, 34791,  2222,
9:32.00, 34791,  1827,
9:32.20, 34818,  1755,
9:32.40, 34831,  2384,
9:32.60, 34847,  1770,
9:32.80, 34878,  1238,
9:33.00, 34878,   782,
9:33.20, 34932,   909,
9:33.40, 35004,   830,
9:33.60, 35071,    40,
9:33.80, 35100,   544,
9:34.00, 35065,  1664,
9:34.20, 35065,  2215,
9:34.40, 34979,  2559,
9:34.60, 34859,  3982,
9:34.80, 34752,  3472,
9:35.00, 34689,  2764,
9:35.20, 34689,    25,
9:35.40, 34663,   947,
9:35.60, 34661,  1687,
9:35.80, 34665,  3476,
9:36.00, 34670,  1584,
9:36.20, 34677,  1198,
9:36.40, 34677,  1741,
9:36.60, 34681,   686,
9:36.80, 34684,  2638,
9:37.00, 34713,  2574,
9:37.20, 34775,  2832,
9:37.40, 34775,  2266,
9:37.60, 34838,  1799,
9:37.80, 34897,  1909,
9:38.00, 34930,  1999,
9:38.20, 34942,  2047,
9:38.40, 34942,  1720,
9:38.60, 34967,  2100,
9:38.80, 35010,  2004,
9:39.00, 35058,  1074,
9:39.20, 35092,  2277,
9:39.40, 35106,  1409,
9:39.60, 35106,  2456,
9:39.80, 35103,  1795,
9:40.00, 35087,  2250,
9:40.20, 35062,  2045,
9:40.40, 35035,  2296,
9:40.60, 35035,  2263,
9:40.80, 35003,  2069,
9:41.00, 34946,  1990,
9:41.20, 34874,  2252,
9:41.40, 34789,  1969,
9:41.60, 34701,  2140,
9:41.80, 34701,  2205,
9:42.00, 34634,  2064,
9:42.20, 34582,  2050,
9:42.40, 34542,  2271,
9:42.60, 34512,  2052,
9:42.80, 34512,  2112,
9:43.00, 34484,  2407,
9:43.20, 34462,  2102,
9:43.40, 34470,  2218,
9:43.60, 34501,  2502,
9:43.80, 34501,  2209,
9:44.00, 34557,  2232,
9:44.20, 34621,  2348,
9:44.40, 34669,  2184,
9:44.60, 34698,  2179,
9:44.80, 34712,  2436,
9:45.00, 34712,  2308,
9:45.20, 34707,  2231,
9:45.40, 34690,  2399,
9:45.60, 34672,  2252,
9:45.80, 34658,  2166,
9:46.00, 34658,  2300,
9:46.20, 34658,  2031,
9:46.40, 34670,  2125,
9:46.60, 34680,  2196,
9:46.80, 34686,  2085,
9:47.00, 34687,  1717,
9:47.20, 34687,  1436,
9:47.40, 34685,  2753,
9:47.60, 34682,  2342,
9:47.80, 34679,  2209,
9:48.00, 34676,  2466,
9:48.20, 34676,  2152,
9:48.40, 34674,  2145,
9:48.60, 34661,  2280,
9:48.80, 34631,  2134,
9:49.00, 34602,  2077,
9:49.20, 34571,  1791,
9:49.40, 34571,  2434,
9:49.60, 34549,  2100,
9:49.80, 34543,  2114,
9:50.00, 34535,  2417,
9:50.20, 34501,  2124,
9:50.40, 34501,  2051,
9:50.60, 34452,  2314,
9:50.80, 34393,  2065,
9:51.00, 34334,  2262,
9:51.20, 34296,  2173,
9:51.40, 34296,  2259,
9:51.60, 34270,  2029,
9:51.80, 34236,  1272,
9:52.00, 34205,  2538,
9:52.20, 34180,  2040,
9:52.40, 34164,  2114,
9:52.60, 34164,  2306,
9:52.80, 34171,  2179,
9:53.00, 34185,  2083,
9:53.20, 34199,  2211,
9:53.40, 34213,  2164,
9:53.60, 34213,  1969,
9:53.80, 34223,  2085,
9:54.00, 34228,  2384,
9:54.20, 34227,  2090,
9:54.40, 34212,  2269,
9:54.60, 34192,  2260,
9:54.80, 34192,  2072,
9:55.00, 34171,  1705,
9:55.20, 34154,  1167,
9:55.40, 34148,  2183,
9:55.60, 34146,  2852,
9:55.80, 34146,  2041,
9:56.00, 34145,  2270,
9:56.20, 34144,  2240,
9:56.40, 34142,  1791,
9:56.60, 34139,  1703,
9:56.80, 34139,  2509,
9:57.00, 34135,  2136,
9:57.20, 34131,  1940,
9:57.40, 34129,  2439,
9:57.60, 34123,  2025,
9:57.80, 34114,  2255,
9:58.00, 34114,  2351,
9:58.20, 34102,  2489,
9:58.40, 34091,  2144,
9:58.60, 34084,  2667,
9:58.80, 34083,  2728,
9:59.00, 34083,  2174,
9:59.20, 34082,  2249,
9:59.40, 34081,  2331,
9:59.60, 34077,  2067,
9:59.80, 34071,  1943,
10:00.00, 34065,  2042,
,,,
