Time [Minutes](1 to 4 minutes cannot move),GSR  1 [arb],EKG  1 [Arb],Manual values
0:00.00, 36542,  2215,
0:00.20, 36551,  2123,
0:00.40, 36562,  1438,
0:00.60, 36562,  2247,
0:00.80, 36577,  2180,
0:01.00, 36592,  1884,
0:01.20, 36602,  2190,
0:01.40, 36608,  1952,
0:01.60, 36611,  1957,
0:01.80, 36611,  3078,
0:02.00, 36612,  2206,
0:02.20, 36611,  2014,
0:02.40, 36610,  2050,
0:02.60, 36612,  2135,
0:02.80, 36612,  1847,
0:03.00, 36615,  2006,
0:03.20, 36618,  2152,
0:03.40, 36617,  2273,
0:03.60, 36615,  1962,
0:03.80, 36615,  2035,
0:04.00, 36612,  1977,
0:04.20, 36607,  2156,
0:04.40, 36601,  1818,
0:04.60, 36592,  1997,
0:04.80, 36582,  2430,
0:05.00, 36582,  2276,
0:05.20, 36572,  1960,
0:05.40, 36564,  2153,
0:05.60, 36557,  2006,
0:05.80, 36552,  2239,
0:06.00, 36552,  2191,
0:06.20, 36547,  1878,
0:06.40, 36544,  2292,
0:06.60, 36539,  1942,
0:06.80, 36534,  2080,
0:07.00, 36531,  2013,
0:07.20, 36531,  2022,
0:07.40, 36530,  2140,
0:07.60, 36530,  2071,
0:07.80, 36530,  2479,
0:08.00, 36530,  2091,
0:08.20, 36530,  1885,
0:08.40, 36528,  2286,
0:08.60, 36527,  2162,
0:08.80, 36526,  3003,
0:09.00, 36523,  2305,
0:09.20, 36519,  1963,
0:09.40, 36519,  2044,
0:09.60, 36514,  2159,
0:09.80, 36508,  1903,
0:10.00, 36506,  1878,
0:10.20, 36508,  2204,
0:10.40, 36508,  1898,
0:10.60, 36516,  2048,
0:10.80, 36531,  2267,
0:11.00, 36551,  2026,
0:11.20, 36572,  2080,
0:11.40, 36572,  2124,
0:11.60, 36591,  2025,
0:11.80, 36605,  1803,
0:12.00, 36615,  2192,
0:12.20, 36620,  1985,
0:12.40, 36621,  1988,
0:12.60, 36621,  1852,
0:12.80, 36618,  1835,
0:13.00, 36613,  1860,
0:13.20, 36606,  1768,
0:13.40, 36598,  1812,
0:13.60, 36598,  2236,
0:13.80, 36592,  2508,
0:14.00, 36587,  2306,
0:14.20, 36582,  2260,
0:14.40, 36577,  2347,
0:14.60, 36573,  1984,
0:14.80, 36573,  3040,
0:15.00, 36568,  2253,
0:15.20, 36564,  1987,
0:15.40, 36561,  3085,
0:15.60, 36559,  2241,
0:15.80, 36559,  2150,
0:16.00, 36556,  1450,
0:16.20, 36552,  2242,
0:16.40, 36549,  2097,
0:16.60, 36545,  1968,
0:16.80, 36545,  2070,
0:17.00, 36541,  1813,
0:17.20, 36537,  2030,
0:17.40, 36533,  1979,
0:17.60, 36530,  1836,
0:17.80, 36527,  2041,
0:18.00, 36527,  1907,
0:18.20, 36524,  2005,
0:18.40, 36521,  2263,
0:18.60, 36517,  2104,
0:18.80, 36514,  1959,
0:19.00, 36514,  2343,
0:19.20, 36511,  2285,
0:19.40, 36509,  1930,
0:19.60, 36507,  2284,
0:19.80, 36492,  2189,
0:20.00, 36466,  2322,
0:20.20, 36466,  2094,
0:20.40, 36456,  2150,
0:20.60, 36454,  1779,
0:20.80, 36466,  2279,
0:21.00, 36489,  2443,
0:21.20, 36489,  2288,
0:21.40, 36494,  2481,
0:21.60, 36490,  2204,
0:21.80, 36487,  2153,
0:22.00, 36485,  2104,
0:22.20, 36495,  2044,
0:22.40, 36495,  1985,
0:22.60, 36517,  2010,
0:22.80, 36546,  2004,
0:23.00, 36582,  2298,
0:23.20, 36618,  2016,
0:23.40, 36618,  2214,
0:23.60, 36647,  2266,
0:23.80, 36669,  2070,
0:24.00, 36680,  1858,
0:24.20, 36681,  2418,
0:24.40, 36681,  2126,
0:24.60, 36677,  2050,
0:24.80, 36674,  2409,
0:25.00, 36672,  2045,
0:25.20, 36672,  2256,
0:25.40, 36669,  2107,
0:25.60, 36669,  2117,
0:25.80, 36661,  1837,
0:26.00, 36647,  2172,
0:26.20, 36629,  2024,
0:26.40, 36608,  1921,
0:26.60, 36608,  2155,
0:26.80, 36587,  1837,
0:27.00, 36566,  2076,
0:27.20, 36546,  1925,
0:27.40, 36525,  1980,
0:27.60, 36502,  2201,
0:27.80, 36502,  2143,
0:28.00, 36477,  2217,
0:28.20, 36450,  1836,
0:28.40, 36424,  1762,
0:28.60, 36406,  1248,
0:28.80, 36406,  1864,
0:29.00, 36458,  2046,
0:29.20, 36486,  1767,
0:29.40, 36493,  2219,
0:29.60, 36492,  2154,
0:29.80, 36492,  2155,
0:30.00, 36424,  1964,
0:30.20, 36384,  2184,
0:30.40, 36370,  1819,
0:30.60, 36388,  1917,
0:30.80, 36443,  2014,
0:31.00, 36443,  2141,
0:31.20, 36511,  1848,
0:31.40, 36565,  2228,
0:31.60, 36598,  2033,
0:31.80, 36590,  1805,
0:32.00, 36590,  2797,
0:32.20, 36548,  2935,
0:32.40, 36496,  2320,
0:32.60, 36429,  2910,
0:32.80, 36357,  2485,
0:33.00, 36302,  1787,
0:33.20, 36302,  2724,
0:33.40, 36267,  2431,
0:33.60, 36236,  1712,
0:33.80, 36210,  2290,
0:34.00, 36181,  2057,
0:34.20, 36181,  2662,
0:34.40, 36141,  2253,
0:34.60, 36106,  2076,
0:34.80, 36069,  3336,
0:35.00, 36034,  2217,
0:35.20, 36001,  2116,
0:35.40, 36001,  2679,
0:35.60, 35959,  2230,
0:35.80, 35928,  1981,
0:36.00, 35901,  1707,
0:36.20, 35883,  2363,
0:36.40, 35883,  2091,
0:36.60, 35878,  1888,
0:36.80, 35881,  2384,
0:37.00, 35894,  2073,
0:37.20, 35925,  2238,
0:37.40, 35925,  1631,
0:37.60, 35974,  1159,
0:37.80, 36037,  2453,
0:38.00, 36122,   831,
0:38.20, 36215,  2408,
0:38.40, 36299,  3989,
0:38.60, 36299,  4007,
0:38.80, 36365,  3982,
0:39.00, 36408,  2355,
0:39.20, 36431,  2166,
0:39.40, 36447,  2451,
0:39.60, 36447,  1770,
0:39.80, 36441,   849,
0:40.00, 36389,  1929,
0:40.20, 36304,  2491,
0:40.40, 36216,  1969,
0:40.60, 36177,  2265,
0:40.80, 36177,   733,
0:41.00, 36201,   652,
0:41.20, 36243,  2014,
0:41.40, 36248,  3343,
0:41.60, 36210,  3327,
0:41.80, 36210,  2658,
0:42.00, 36149,  3289,
0:42.20, 36104,  2091,
0:42.40, 36097,  2081,
0:42.60, 36074,  1628,
0:42.80, 36074,  1331,
0:43.00, 36022,  1277,
0:43.20, 35932,  1734,
0:43.40, 35809,  1661,
0:43.60, 35726,  1445,
0:43.80, 35714,  3189,
0:44.00, 35714,  2123,
0:44.20, 35759,  2005,
0:44.40, 35824,  1294,
0:44.60, 35824,  1137,
0:44.80, 35743,  2675,
0:45.00, 35743,  3713,
0:45.20, 35625,  1770,
0:45.40, 35521,  2306,
0:45.60, 35468,  1827,
0:45.80, 35419,  1146,
0:46.00, 35326,  1475,
0:46.20, 35326,  2620,
0:46.40, 35211,  2461,
0:46.60, 35097,  1159,
0:46.80, 35044,  1124,
0:47.00, 35071,  2129,
0:47.20, 35071,  2938,
0:47.40, 35143,  2378,
0:47.60, 35237,  2092,
0:47.80, 35300,  2673,
0:48.00, 35220,  1765,
0:48.20, 34980,  1857,
0:48.40, 34980,  1562,
0:48.60, 34678,   772,
0:48.80, 34471,  2212,
0:49.00, 34503,  1850,
0:49.20, 34752,  1742,
0:49.40, 34752,  2187,
0:49.60, 35079,  2432,
0:49.80, 35333,  2518,
0:50.00, 35488,  2212,
0:50.20, 35590,  1642,
0:50.40, 35590,  1390,
0:50.60, 35681,  1636,
0:50.80, 35775,  2252,
0:51.00, 35896,  2057,
0:51.20, 36036,  2278,
0:51.40, 36203,  2921,
0:51.60, 36203,  2542,
0:51.80, 36405,  2058,
0:52.00, 36583,  2226,
0:52.20, 36738,  2166,
0:52.40, 36838,  1979,
0:52.60, 36838,  2098,
0:52.80, 36887,  1821,
0:53.00, 36914,  2381,
0:53.20, 36908,  2114,
0:53.40, 36896,  1249,
0:53.60, 36898,  2385,
0:53.80, 36898,  1924,
0:54.00, 36909,  3148,
0:54.20, 36924,  2455,
0:54.40, 36940,  1885,
0:54.60, 36940,  1879,
0:54.80, 36940,  2094,
0:55.00, 36924,  1834,
0:55.20, 36899,  1834,
0:55.40, 36868,  1842,
0:55.60, 36822,  1847,
0:55.80, 36822,  2045,
0:56.00, 36773,  1781,
0:56.20, 36747,  2359,
0:56.40, 36748,  2012,
0:56.60, 36784,  1893,
0:56.80, 36835,  1886,
0:57.00, 36835,  1742,
0:57.20, 36870,  2063,
0:57.40, 36883,  1775,
0:57.60, 36890,  1714,
0:57.80, 36917,  2307,
0:58.00, 36917,  3041,
0:58.20, 36948,  2383,
0:58.40, 36985,  2200,
0:58.60, 37015,  2349,
0:58.80, 37014,  2207,
0:59.00, 37007,  2432,
0:59.20, 37007,  2290,
0:59.40, 37006,  2049,
0:59.60, 37006,  2122,
0:59.80, 37013,  2044,
1:00.00, 37023,  2534,
1:00.20, 37023,  1927,
1:00.40, 37035,  2553,
1:00.60, 37055,  2242,
1:00.80, 37076,  2930,
1:01.00, 37092,  2307,
1:01.20, 37091,  2143,
1:01.40, 37091,  1892,
1:01.60, 37072,  1480,
1:01.80, 37045,  1975,
1:02.00, 37013,  1380,
1:02.20, 36980,  1706,
1:02.40, 36980,  1592,
1:02.60, 36947,  2136,
1:02.80, 36917,  1701,
1:03.00, 36894,  2092,
1:03.20, 36875,  2181,
1:03.40, 36875,  1983,
1:03.60, 36858,  2387,
1:03.80, 36846,  2120,
1:04.00, 36841,  2070,
1:04.20, 36840,  1797,
1:04.40, 36842,  1847,
1:04.60, 36842,  1960,
1:04.80, 36843,  1661,
1:05.00, 36839,  2368,
1:05.20, 36836,  1885,
1:05.40, 36826,  2089,
1:05.60, 36826,  3068,
1:05.80, 36793,  2459,
1:06.00, 36754,  2225,
1:06.20, 36709,  2010,
1:06.40, 36676,  1464,
1:06.60, 36679,  2540,
1:06.80, 36679,  2140,
1:07.00, 36699,  1710,
1:07.20, 36746,  1848,
1:07.40, 36808,  2264,
1:07.60, 36862,  1928,
1:07.80, 36862,  2139,
1:08.00, 36897,  2119,
1:08.20, 36904,  2579,
1:08.40, 36889,  2293,
1:08.60, 36871,  2207,
1:08.80, 36871,  2225,
1:09.00, 36865,  2143,
1:09.20, 36868,  2181,
1:09.40, 36874,  3234,
1:09.60, 36879,  2594,
1:09.80, 36878,  2108,
1:10.00, 36878,  2243,
1:10.20, 36875,  2151,
1:10.40, 36871,  2231,
1:10.60, 36862,  1849,
1:10.80, 36852,  2668,
1:11.00, 36852,  2629,
1:11.20, 36844,  2599,
1:11.40, 36847,  2353,
1:11.60, 36861,  2118,
1:11.80, 36886,  2009,
1:12.00, 36910,  2047,
1:12.20, 36910,  1803,
1:12.40, 36924,  1974,
1:12.60, 36926,  2046,
1:12.80, 36917,  1733,
1:13.00, 36902,  1913,
1:13.20, 36902,  1934,
1:13.40, 36902,  2229,
1:13.60, 36890,  1797,
1:13.80, 36872,  1986,
1:14.00, 36851,  1890,
1:14.20, 36811,  2045,
1:14.40, 36811,  1819,
1:14.60, 36785,  1895,
1:14.80, 36766,  2150,
1:15.00, 36752,  1964,
1:15.20, 36741,  1969,
1:15.40, 36741,  2019,
1:15.60, 36730,  1955,
1:15.80, 36722,  2062,
1:16.00, 36714,  1911,
1:16.20, 36708,  2071,
1:16.40, 36708,  1900,
1:16.60, 36704,  2120,
1:16.80, 36701,  1709,
1:17.00, 36751,  2081,
1:17.20, 36848,  2032,
1:17.40, 36916,  2359,
1:17.60, 36916,  2087,
1:17.80, 36965,  2246,
1:18.00, 36958,  2302,
1:18.20, 36909,  2402,
1:18.40, 36895,  1414,
1:18.60, 36895,  2548,
1:18.80, 36906,  2223,
1:19.00, 36935,  2161,
1:19.20, 36970,  1618,
1:19.40, 37003,  1808,
1:19.60, 37026,  1865,
1:19.80, 37026,  2137,
1:20.00, 37039,  3413,
1:20.20, 37007,  2403,
1:20.40, 36948,  2053,
1:20.60, 36887,  2568,
1:20.80, 36887,  2008,
1:21.00, 36821,  2237,
1:21.20, 36791,  1797,
1:21.40, 36802,  2033,
1:21.60, 36829,  1376,
1:21.80, 36864,  2734,
1:22.00, 36864,  1883,
1:22.20, 36900,  1657,
1:22.40, 36927,  1939,
1:22.60, 36948,  2284,
1:22.80, 36971,  2123,
1:23.00, 36971,  2606,
1:23.20, 36991,  2328,
1:23.40, 37007,  2099,
1:23.60, 37017,  2147,
1:23.80, 37027,  2077,
1:24.00, 37027,  1439,
1:24.20, 37037,  2700,
1:24.40, 37047,  2609,
1:24.60, 37070,  2042,
1:24.80, 37093,  1934,
1:25.00, 37115,  2301,
1:25.20, 37115,  2712,
1:25.40, 37127,  2152,
1:25.60, 37104,  2510,
1:25.80, 37056,  1377,
1:26.00, 37010,  2265,
1:26.20, 37010,  1983,
1:26.40, 36977,  2035,
1:26.60, 36968,  1897,
1:26.80, 36978,  1730,
1:27.00, 36990,  1984,
1:27.20, 37005,  2148,
1:27.40, 37005,  2055,
1:27.60, 37019,  1486,
1:27.80, 37028,  2226,
1:28.00, 37029,  2099,
1:28.20, 37027,  2073,
1:28.40, 37027,  1897,
1:28.60, 37019,  1952,
1:28.80, 37004,  1806,
1:29.00, 36976,  1973,
1:29.20, 36937,  1823,
1:29.40, 36937,  2153,
1:29.60, 36893,  1905,
1:29.80, 36857,  2162,
1:30.00, 36834,  1793,
1:30.20, 36821,  2057,
1:30.40, 36813,  2010,
1:30.60, 36813,  2177,
1:30.80, 36802,  1917,
1:31.00, 36793,  1939,
1:31.20, 36787,  1954,
1:31.40, 36787,  2409,
1:31.60, 36787,  1684,
1:31.80, 36788,  2050,
1:32.00, 36790,  3088,
1:32.20, 36793,  2543,
1:32.40, 36801,  2010,
1:32.60, 36822,  1962,
1:32.80, 36822,  1734,
1:33.00, 36856,  2646,
1:33.20, 36898,  2192,
1:33.40, 36941,  2200,
1:33.60, 36978,  1906,
1:33.80, 36978,  2001,
1:34.00, 37005,  1964,
1:34.20, 37022,  2012,
1:34.40, 37052,  2138,
1:34.60, 37119,  1801,
1:34.80, 37148,  2180,
1:35.00, 37148,  1745,
1:35.20, 37162,  2181,
1:35.40, 37148,  1930,
1:35.60, 37115,  1931,
1:35.80, 37098,  2137,
1:36.00, 37098,  1828,
1:36.20, 37099,  2001,
1:36.40, 37086,  2025,
1:36.60, 37032,  2500,
1:36.80, 36992,  1559,
1:37.00, 36992,  1609,
1:37.20, 36940,  3138,
1:37.40, 36908,  2329,
1:37.60, 36907,  2109,
1:37.80, 36916,  1927,
1:38.00, 36918,  2090,
1:38.20, 36918,  1885,
1:38.40, 36917,  2098,
1:38.60, 36921,  2801,
1:38.80, 36922,  2431,
1:39.00, 36935,  2014,
1:39.20, 36935,  2046,
1:39.40, 36953,  2092,
1:39.60, 36961,  1942,
1:39.80, 36965,  2013,
1:40.00, 36965,  1968,
1:40.20, 36965,  1978,
1:40.40, 36965,  1968,
1:40.60, 36961,  2088,
1:40.80, 36965,  3847,
1:41.00, 36977,  2554,
1:41.20, 36987,  2048,
1:41.40, 36987,  2395,
1:41.60, 36993,  2025,
1:41.80, 36995,  1538,
1:42.00, 36991,  1327,
1:42.20, 36982,  1891,
1:42.40, 36982,  2908,
1:42.60, 36974,  2456,
1:42.80, 36967,  2382,
1:43.00, 36967,  2112,
1:43.20, 36989,  2505,
1:43.40, 37018,  2416,
1:43.60, 37018,  2236,
1:43.80, 37028,  2252,
1:44.00, 37025,  2218,
1:44.20, 36998,  3579,
1:44.40, 36962,  2312,
1:44.60, 36962,  1864,
1:44.80, 36940,  1278,
1:45.00, 36929,  1833,
1:45.20, 36923,  1734,
1:45.40, 36915,  2104,
1:45.60, 36920,  2158,
1:45.80, 36920,  2574,
1:46.00, 36924,  2411,
1:46.20, 36925,  2466,
1:46.40, 36931,  2204,
1:46.60, 36934,  2039,
1:46.80, 36934,  1919,
1:47.00, 36941,  1789,
1:47.20, 36951,  1472,
1:47.40, 36956,  1980,
1:47.60, 36953,  2070,
1:47.80, 36953,  1939,
1:48.00, 36940,  1930,
1:48.20, 36924,  1911,
1:48.40, 36908,  2092,
1:48.60, 36895,  1859,
1:48.80, 36886,  2184,
1:49.00, 36886,  1673,
1:49.20, 36882,  3008,
1:49.40, 36883,  2320,
1:49.60, 36888,  2020,
1:49.80, 36909,  2077,
1:50.00, 36909,  1891,
1:50.20, 36952,  1982,
1:50.40, 37007,  2926,
1:50.60, 37058,  2420,
1:50.80, 37086,  1911,
1:51.00, 37084,  1849,
1:51.20, 37084,  1954,
1:51.40, 37069,  1825,
1:51.60, 37047,  2100,
1:51.80, 37022,  2829,
1:52.00, 37008,  2396,
1:52.20, 37008,  1849,
1:52.40, 36998,  1854,
1:52.60, 37004,  2143,
1:52.80, 37022,  1241,
1:53.00, 37036,  1850,
1:53.20, 37048,   956,
1:53.40, 37048,  2991,
1:53.60, 37055,  2580,
1:53.80, 37063,  1937,
1:54.00, 37066,  2157,
1:54.20, 37064,  1914,
1:54.40, 37064,  1763,
1:54.60, 37053,  1591,
1:54.80, 37042,  2318,
1:55.00, 37032,  1961,
1:55.20, 37025,  2219,
1:55.40, 37025,  2272,
1:55.60, 37020,  1840,
1:55.80, 37013,  2414,
1:56.00, 36996,  2165,
1:56.20, 36975,  1915,
1:56.40, 36948,  2148,
1:56.60, 36948,  2000,
1:56.80, 36919,  2434,
1:57.00, 36915,  2518,
1:57.20, 36933,  2503,
1:57.40, 36962,  2212,
1:57.60, 36962,  1613,
1:57.80, 36993,  1887,
1:58.00, 37013,  1053,
1:58.20, 37016,  2029,
1:58.40, 37010,  1851,
1:58.60, 37002,  2046,
1:58.80, 37002,  2424,
1:59.00, 36977,  2045,
1:59.20, 36943,  2031,
1:59.40, 36909,  2319,
1:59.60, 36882,  2309,
1:59.80, 36882,  2009,
2:00.00, 36867,  2000,
2:00.20, 36854,  1898,
2:00.40, 36836,  2134,
2:00.60, 36809,  2149,
2:00.80, 36809,  1827,
2:01.00, 36781,  2346,
2:01.20, 36764,  1901,
2:01.40, 36759,  2007,
2:01.60, 36762,  1963,
2:01.80, 36768,  2002,
2:02.00, 36768,  1970,
2:02.20, 36773,  1940,
2:02.40, 36779,  2149,
2:02.60, 36781,  1801,
2:02.80, 36782,  2028,
2:03.00, 36782,  1891,
2:03.20, 36780,  2246,
2:03.40, 36776,  1926,
2:03.60, 36773,  2074,
2:03.80, 36773,  1578,
2:04.00, 36774,  1996,
2:04.20, 36774,  2322,
2:04.40, 36775,  2344,
2:04.60, 36776,  2682,
2:04.80, 36776,  2266,
2:05.00, 36773,  1389,
2:05.20, 36773,  1759,
2:05.40, 36769,  1740,
2:05.60, 36770,  1981,
2:05.80, 36795,  1825,
2:06.00, 36846,  1819,
2:06.20, 36909,  1793,
2:06.40, 36909,  1537,
2:06.60, 36970,  1993,
2:06.80, 37015,  1790,
2:07.00, 37038,  2145,
2:07.20, 37060,  2116,
2:07.40, 37060,  1998,
2:07.60, 37090,  2164,
2:07.80, 37121,  1892,
2:08.00, 37153,  2153,
2:08.20, 37173,  1870,
2:08.40, 37173,  2218,
2:08.60, 37171,  1894,
2:08.80, 37151,  2045,
2:09.00, 37117,  2036,
2:09.20, 37075,  2262,
2:09.40, 37028,  1991,
2:09.60, 37028,  2162,
2:09.80, 36979,  2131,
2:10.00, 36931,  2110,
2:10.20, 36882,  2005,
2:10.40, 36834,  2164,
2:10.60, 36834,  2156,
2:10.80, 36789,  2104,
2:11.00, 36750,  2270,
2:11.20, 36722,  2129,
2:11.40, 36706,  2208,
2:11.60, 36698,  1724,
2:11.80, 36698,  2429,
2:12.00, 36697,  2070,
2:12.20, 36698,  2182,
2:12.40, 36700,  1700,
2:12.60, 36707,  2462,
2:12.80, 36707,  2111,
2:13.00, 36717,  2106,
2:13.20, 36727,  2077,
2:13.40, 36735,  2341,
2:13.60, 36731,  2118,
2:13.80, 36708,  2376,
2:14.00, 36708,  2218,
2:14.20, 36689,  2408,
2:14.40, 36677,  2086,
2:14.60, 36682,  2087,
2:14.80, 36708,  2122,
2:15.00, 36708,  2036,
2:15.20, 36731,  2105,
2:15.40, 36745,  1804,
2:15.60, 36745,  1962,
2:15.80, 36735,  1768,
2:16.00, 36735,  2002,
2:16.20, 36722,  1791,
2:16.40, 36704,  2329,
2:16.60, 36695,  2060,
2:16.80, 36694,  2190,
2:17.00, 36678,  1901,
2:17.20, 36678,  2157,
2:17.40, 36649,  2241,
2:17.60, 36613,  2145,
2:17.80, 36595,  2075,
2:18.00, 36625,  2185,
2:18.20, 36625,  2070,
2:18.40, 36716,  1990,
2:18.60, 36841,  2147,
2:18.80, 36963,  1973,
2:19.00, 37070,  1827,
2:19.20, 37140,  2134,
2:19.40, 37140,  2098,
2:19.60, 37172,  2094,
2:19.80, 37175,  2083,
2:20.00, 37141,  2050,
2:20.20, 37095,  2026,
2:20.40, 37095,  1428,
2:20.60, 37054,  2418,
2:20.80, 37017,  1927,
2:21.00, 36998,  2048,
2:21.20, 36986,  2088,
2:21.40, 36986,  2341,
2:21.60, 36971,  2007,
2:21.80, 36955,  2111,
2:22.00, 36944,  3253,
2:22.20, 36934,  1752,
2:22.40, 36926,  2252,
2:22.60, 36926,  2719,
2:22.80, 36933,  1861,
2:23.00, 36950,  2054,
2:23.20, 36969,  1802,
2:23.40, 36979,  2048,
2:23.60, 36979,  2135,
2:23.80, 36974,  1987,
2:24.00, 36960,  2030,
2:24.20, 36938,  1785,
2:24.40, 36919,  2177,
2:24.60, 36901,  1846,
2:24.80, 36901,  2122,
2:25.00, 36884,  3155,
2:25.20, 36875,  2274,
2:25.40, 36874,  1956,
2:25.60, 36871,  2336,
2:25.80, 36871,  3315,
2:26.00, 36866,  2540,
2:26.20, 36878,  2039,
2:26.40, 36895,  1732,
2:26.60, 36910,  1930,
2:26.80, 36931,  2238,
2:27.00, 36931,  2173,
2:27.20, 36935,  2018,
2:27.40, 36926,  1437,
2:27.60, 36916,  1586,
2:27.80, 36899,  1945,
2:28.00, 36899,  2070,
2:28.20, 36880,  2662,
2:28.40, 36864,  2147,
2:28.60, 36864,  2311,
2:28.80, 36872,  2150,
2:29.00, 36872,  2211,
2:29.20, 36874,  1913,
2:29.40, 36862,  2097,
2:29.60, 36835,  2115,
2:29.80, 36807,  2112,
2:30.00, 36798,  2200,
2:30.20, 36798,  2109,
2:30.40, 36817,  1808,
2:30.60, 36852,  1824,
2:30.80, 36885,  2751,
2:31.00, 36907,  1879,
2:31.20, 36907,  1579,
2:31.40, 36913,  2760,
2:31.60, 36899,  2037,
2:31.80, 36872,  1808,
2:32.00, 36865,  1908,
2:32.20, 36865,  1939,
2:32.40, 36865,  2123,
2:32.60, 36881,  1992,
2:32.80, 36908,  2294,
2:33.00, 36914,  2146,
2:33.20, 36903,  2166,
2:33.40, 36903,  2030,
2:33.60, 36890,  2205,
2:33.80, 36875,  2041,
2:34.00, 36859,  2150,
2:34.20, 36854,  2140,
2:34.40, 36854,  2064,
2:34.60, 36843,  2220,
2:34.80, 36829,  2155,
2:35.00, 36819,  2147,
2:35.20, 36806,  2188,
2:35.40, 36791,  2219,
2:35.60, 36791,  2074,
2:35.80, 36772,  1969,
2:36.00, 36756,  2196,
2:36.20, 36752,  3017,
2:36.40, 36756,  2589,
2:36.60, 36756,  1934,
2:36.80, 36771,  2167,
2:37.00, 36778,  1875,
2:37.20, 36769,  2288,
2:37.40, 36754,  2052,
2:37.60, 36736,  1993,
2:37.80, 36736,  1971,
2:38.00, 36720,  2283,
2:38.20, 36718,  2039,
2:38.40, 36714,  2157,
2:38.60, 36700,  3826,
2:38.80, 36700,  2300,
2:39.00, 36675,  1806,
2:39.20, 36644,  2198,
2:39.40, 36626,  2013,
2:39.60, 36623,  2248,
2:39.80, 36636,  1804,
2:40.00, 36636,  1488,
2:40.20, 36651,  2057,
2:40.40, 36658,  2486,
2:40.60, 36660,  2145,
2:40.80, 36657,  2145,
2:41.00, 36657,  2936,
2:41.20, 36651,  2125,
2:41.40, 36648,  1867,
2:41.60, 36643,  2007,
2:41.80, 36639,  1684,
2:42.00, 36639,  2455,
2:42.20, 36635,  2090,
2:42.40, 36630,  2127,
2:42.60, 36626,  2048,
2:42.80, 36625,  1969,
2:43.00, 36624,  2091,
2:43.20, 36624,  2078,
2:43.40, 36623,  2245,
2:43.60, 36622,  1898,
2:43.80, 36622,  2147,
2:44.00, 36623,  2850,
2:44.20, 36623,  1806,
2:44.40, 36622,  1751,
2:44.60, 36620,  1891,
2:44.80, 36616,  2831,
2:45.00, 36611,  2380,
2:45.20, 36608,  2009,
2:45.40, 36608,  2038,
2:45.60, 36605,  2882,
2:45.80, 36604,  2690,
2:46.00, 36604,  2408,
2:46.20, 36603,  2116,
2:46.40, 36603,  1796,
2:46.60, 36609,  2428,
2:46.80, 36622,  1939,
2:47.00, 36635,  2197,
2:47.20, 36649,  1501,
2:47.40, 36660,  2375,
2:47.60, 36660,  2004,
2:47.80, 36665,  2020,
2:48.00, 36667,  2023,
2:48.20, 36668,  1945,
2:48.40, 36664,  2037,
2:48.60, 36664,  1945,
2:48.80, 36657,  2104,
2:49.00, 36652,  1976,
2:49.20, 36649,  2085,
2:49.40, 36649,  1973,
2:49.60, 36649,  2191,
2:49.80, 36644,  2029,
2:50.00, 36640,  1948,
2:50.20, 36638,   794,
2:50.40, 36634,  2253,
2:50.60, 36633,  2218,
2:50.80, 36633,  2255,
2:51.00, 36635,  2217,
2:51.20, 36633,  2036,
2:51.40, 36639,  2167,
2:51.60, 36653,  2392,
2:51.80, 36653,  2529,
2:52.00, 36663,  1960,
2:52.20, 36685,  2167,
2:52.40, 36735,  2125,
2:52.60, 36803,  2080,
2:52.80, 36876,  1978,
2:53.00, 36876,  2081,
2:53.20, 36925,  2132,
2:53.40, 36937,  2012,
2:53.60, 36914,  2114,
2:53.80, 36877,  2112,
2:54.00, 36877,  2229,
2:54.20, 36846,  1926,
2:54.40, 36816,  2138,
2:54.60, 36795,  2105,
2:54.80, 36782,  2160,
2:55.00, 36782,  2014,
2:55.20, 36757,  2161,
2:55.40, 36714,  1779,
2:55.60, 36687,  2310,
2:55.80, 36682,  2105,
2:56.00, 36719,  1914,
2:56.20, 36719,  2140,
2:56.40, 36795,  2064,
2:56.60, 36847,  2092,
2:56.80, 36882,  2019,
2:57.00, 36895,  2237,
2:57.20, 36895,  2052,
2:57.40, 36888,  1988,
2:57.60, 36884,  2030,
2:57.80, 36871,  1958,
2:58.00, 36855,  2219,
2:58.20, 36837,  2073,
2:58.40, 36837,  2430,
2:58.60, 36826,  2101,
2:58.80, 36822,  1705,
2:59.00, 36815,  2309,
2:59.20, 36811,  1890,
2:59.40, 36811,  2131,
2:59.60, 36803,  2051,
2:59.80, 36794,  2215,
3:00.00, 36788,  2115,
3:00.20, 36782,  1975,
3:00.40, 36776,  2251,
3:00.60, 36776,  1779,
3:00.80, 36769,  1855,
3:01.00, 36767,  2987,
3:01.20, 36753,  2153,
3:01.40, 36729,  1932,
3:01.60, 36729,  2083,
3:01.80, 36717,  1996,
3:02.00, 36720,  2462,
3:02.20, 36741,  1954,
3:02.40, 36769,  2138,
3:02.60, 36769,  1959,
3:02.80, 36778,  2155,
3:03.00, 36768,  2006,
3:03.20, 36754,  1943,
3:03.40, 36748,  2237,
3:03.60, 36753,  2013,
3:03.80, 36753,  2170,
3:04.00, 36760,  1964,
3:04.20, 36767,  2333,
3:04.40, 36770,  1980,
3:04.60, 36769,  1942,
3:04.80, 36769,  2041,
3:05.00, 36766,  1928,
3:05.20, 36762,  2138,
3:05.40, 36763,  2062,
3:05.60, 36761,  2080,
3:05.80, 36763,  1930,
3:06.00, 36763,  2206,
3:06.20, 36750,  2099,
3:06.40, 36747,  2182,
3:06.60, 36766,  2132,
3:06.80, 36770,  2160,
3:07.00, 36770,  2318,
3:07.20, 36790,  2321,
3:07.40, 36804,  2038,
3:07.60, 36795,  2108,
3:07.80, 36804,  1603,
3:08.00, 36804,  2452,
3:08.20, 36810,  1946,
3:08.40, 36805,  2080,
3:08.60, 36800,  1833,
3:08.80, 36787,  2435,
3:09.00, 36776,  2012,
3:09.20, 36776,  2104,
3:09.40, 36775,  2097,
3:09.60, 36783,  2241,
3:09.80, 36802,  2028,
3:10.00, 36828,  2049,
3:10.20, 36828,  2490,
3:10.40, 36857,  2246,
3:10.60, 36882,  2025,
3:10.80, 36899,  2028,
3:11.00, 36923,  2072,
3:11.20, 36957,  2266,
3:11.40, 36957,  1980,
3:11.60, 36996,  2253,
3:11.80, 37032,  2203,
3:12.00, 37048,  2182,
3:12.20, 37041,  2047,
3:12.40, 37041,  2093,
3:12.60, 37022,  2210,
3:12.80, 37000,  2041,
3:13.00, 36979,  2508,
3:13.20, 36960,  2192,
3:13.40, 36941,  2063,
3:13.60, 36941,  1647,
3:13.80, 36925,  2423,
3:14.00, 36912,  2157,
3:14.20, 36901,  2025,
3:14.40, 36893,  2010,
3:14.60, 36893,  2023,
3:14.80, 36886,  1955,
3:15.00, 36881,  2126,
3:15.20, 36876,  1894,
3:15.40, 36873,  2067,
3:15.60, 36873,  1907,
3:15.80, 36869,  2033,
3:16.00, 36865,  1969,
3:16.20, 36866,  2055,
3:16.40, 36895,  2082,
3:16.60, 36907,  2064,
3:16.80, 36907,  2055,
3:17.00, 36911,  2004,
3:17.20, 36904,  2004,
3:17.40, 36867,  2113,
3:17.60, 36852,  2253,
3:17.80, 36852,  2189,
3:18.00, 36848,  2513,
3:18.20, 36851,    41,
3:18.40, 36856,    54,
3:18.60, 36860,  1579,
3:18.80, 36866,  1582,
3:19.00, 36866,  2028,
3:19.20, 36869,  1951,
3:19.40, 36881,  2034,
3:19.60, 36889,  1765,
3:19.80, 36902,  2026,
3:20.00, 36902,  1887,
3:20.20, 36927,  2336,
3:20.40, 36954,  2073,
3:20.60, 36987,  1879,
3:20.80, 37000,  2104,
3:21.00, 37000,  1892,
3:21.20, 36998,  2047,
3:21.40, 36996,  1584,
3:21.60, 37008,  2478,
3:21.80, 37023,  2076,
3:22.00, 37033,  1940,
3:22.20, 37033,  2253,
3:22.40, 37031,  1798,
3:22.60, 37012,  2039,
3:22.80, 37003,  1955,
3:23.00, 37004,  2027,
3:23.20, 37004,  2166,
3:23.40, 37009,  2167,
3:23.60, 37017,  2339,
3:23.80, 37028,  1792,
3:24.00, 37036,  2119,
3:24.20, 37043,  1957,
3:24.40, 37043,  2470,
3:24.60, 37048,  2467,
3:24.80, 37049,  3573,
3:25.00, 37056,  3222,
3:25.20, 37066,  2734,
3:25.40, 37066,  2012,
3:25.60, 37073,  1998,
3:25.80, 37079,  1707,
3:26.00, 37077,  2191,
3:26.20, 37068,  1886,
3:26.40, 37055,  2086,
3:26.60, 37055,  2117,
3:26.80, 37039,  2407,
3:27.00, 37021,  1856,
3:27.20, 37006,  2203,
3:27.40, 36997,  2091,
3:27.60, 36997,  2052,
3:27.80, 36994,  1949,
3:28.00, 36976,  2252,
3:28.20, 36918,  1643,
3:28.40, 36815,  2447,
3:28.60, 36815,  2097,
3:28.80, 36686,  2056,
3:29.00, 36561,  2239,
3:29.20, 36492,  1967,
3:29.40, 36488,  1949,
3:29.60, 36512,  1965,
3:29.80, 36512,  2006,
3:30.00, 36559,  1873,
3:30.20, 36603,  1555,
3:30.40, 36645,  1729,
3:30.60, 36696,  2276,
3:30.80, 36696,  1861,
3:31.00, 36746,  2016,
3:31.20, 36790,  1898,
3:31.40, 36816,  2104,
3:31.60, 36831,  1806,
3:31.80, 36840,  2042,
3:32.00, 36840,  1965,
3:32.20, 36846,  2150,
3:32.40, 36853,  1754,
3:32.60, 36861,  1935,
3:32.80, 36871,  1947,
3:33.00, 36871,  1838,
3:33.20, 36881,  1859,
3:33.40, 36891,  1857,
3:33.60, 36903,  2227,
3:33.80, 36919,  1784,
3:34.00, 36939,  2318,
3:34.20, 36939,  1960,
3:34.40, 36958,  2074,
3:34.60, 36973,  1527,
3:34.80, 36986,  2374,
3:35.00, 37000,  2061,
3:35.20, 37000,  2091,
3:35.40, 37013,  2148,
3:35.60, 37021,  2301,
3:35.80, 37022,  1938,
3:36.00, 37012,  1920,
3:36.20, 37012,  2036,
3:36.40, 36992,  1847,
3:36.60, 36968,  1998,
3:36.80, 36942,  3431,
3:37.00, 36917,  2194,
3:37.20, 36899,  1975,
3:37.40, 36899,  1958,
3:37.60, 36887,  3242,
3:37.80, 36882,  2273,
3:38.00, 36881,  2006,
3:38.20, 36883,  2030,
3:38.40, 36883,  1823,
3:38.60, 36888,  2249,
3:38.80, 36896,  1913,
3:39.00, 36904,  2070,
3:39.20, 36914,  2982,
3:39.40, 36923,  2270,
3:39.60, 36923,  1875,
3:39.80, 36932,  1960,
3:40.00, 36937,  1630,
3:40.20, 36941,  2433,
3:40.40, 36944,  1999,
3:40.60, 36944,  1909,
3:40.80, 36944,  1869,
3:41.00, 36941,  1944,
3:41.20, 36939,  1888,
3:41.40, 36936,  2078,
3:41.60, 36936,  1593,
3:41.80, 36934,  1813,
3:42.00, 36937,  2030,
3:42.20, 36941,  1294,
3:42.40, 36946,  2094,
3:42.60, 36949,  1888,
3:42.80, 36949,  1869,
3:43.00, 36949,  2134,
3:43.20, 36948,  2061,
3:43.40, 36947,  1963,
3:43.60, 36945,  2074,
3:43.80, 36945,  1948,
3:44.00, 36942,  2189,
3:44.20, 36937,  1839,
3:44.40, 36931,  2296,
3:44.60, 36928,  1968,
3:44.80, 36929,  1864,
3:45.00, 36929,  2170,
3:45.20, 36937,  1906,
3:45.40, 36952,  2053,
3:45.60, 36969,  2565,
3:45.80, 36986,  2354,
3:46.00, 36986,  2026,
3:46.20, 37000,  2089,
3:46.40, 37013,  1711,
3:46.60, 37025,  2426,
3:46.80, 37032,  1974,
3:47.00, 37037,  1928,
3:47.20, 37037,  2077,
3:47.40, 37035,  1901,
3:47.60, 37030,  2023,
3:47.80, 37023,  2136,
3:48.00, 37015,  2143,
3:48.20, 37015,  1994,
3:48.40, 37004,  2131,
3:48.60, 36995,  1947,
3:48.80, 36987,  2328,
3:49.00, 36981,  1992,
3:49.20, 36981,  2081,
3:49.40, 36978,  2057,
3:49.60, 36975,  1979,
3:49.80, 36972,  2058,
3:50.00, 36968,  2099,
3:50.20, 36963,  2093,
3:50.40, 36963,  1916,
3:50.60, 36958,  2079,
3:50.80, 36956,  2030,
3:51.00, 36956,  2165,
3:51.20, 36958,  1929,
3:51.40, 36958,  2109,
3:51.60, 36959,  2113,
3:51.80, 36959,  2220,
3:52.00, 36958,  2008,
3:52.20, 36958,  2016,
3:52.40, 36957,  2006,
3:52.60, 36957,  2196,
3:52.80, 36959,  1987,
3:53.00, 36962,  2150,
3:53.20, 36961,  1585,
3:53.40, 36959,  2456,
3:53.60, 36959,  1994,
3:53.80, 36955,  2099,
3:54.00, 36945,  2006,
3:54.20, 36938,  2025,
3:54.40, 36931,  1977,
3:54.60, 36931,  2092,
3:54.80, 36924,  2104,
3:55.00, 36919,  2132,
3:55.20, 36918,  2086,
3:55.40, 36919,  1984,
3:55.60, 36920,  2184,
3:55.80, 36920,  1927,
3:56.00, 36923,  2083,
3:56.20, 36924,  2065,
3:56.40, 36922,  2175,
3:56.60, 36921,  2021,
3:56.80, 36921,  2079,
3:57.00, 36919,  2114,
3:57.20, 36917,  2030,
3:57.40, 36919,  2108,
3:57.60, 36918,  2002,
3:57.80, 36916,  2143,
3:58.00, 36916,  2058,
3:58.20, 36916,  2196,
3:58.40, 36913,  1960,
3:58.60, 36911,  2097,
3:58.80, 36910,  2093,
3:59.00, 36910,  2100,
3:59.20, 36906,  2062,
3:59.40, 36904,  2070,
3:59.60, 36902,  2074,
3:59.80, 36899,  2207,
4:00.00, 36897,  1997,
4:00.20, 36897,  2104,
4:00.40, 36896,  1841,
4:00.60, 36894,  2227,
4:00.80, 36892,  1927,
4:01.00, 36893,  2076,
4:01.20, 36893,  1976,
4:01.40, 36895,  2117,
4:01.60, 36901,  1912,
4:01.80, 36913,  2152,
4:02.00, 36927,  2067,
4:02.20, 36927,  1994,
4:02.40, 36944,  2070,
4:02.60, 36963,  1979,
4:02.80, 36978,  2117,
4:03.00, 36994,  1815,
4:03.20, 37004,  2462,
4:03.40, 37004,  1958,
4:03.60, 37009,  2187,
4:03.80, 37013,  2199,
4:04.00, 37009,  2346,
4:04.20, 37006,  1998,
4:04.40, 37006,  2144,
4:04.60, 37007,  2000,
4:04.80, 37004,  2319,
4:05.00, 36998,  2137,
4:05.20, 36991,  1909,
4:05.40, 36978,  2049,
4:05.60, 36978,  1927,
4:05.80, 36969,  2021,
4:06.00, 36964,  2976,
4:06.20, 36963,  2313,
4:06.40, 36960,  2021,
4:06.60, 36960,  1939,
4:06.80, 36954,  2149,
4:07.00, 36945,  1882,
4:07.20, 36940,  2073,
4:07.40, 36938,  1940,
4:07.60, 36937,  2073,
4:07.80, 36937,  1970,
4:08.00, 36941,  1932,
4:08.20, 36939,  2077,
4:08.40, 36941,  1825,
4:08.60, 36944,  2136,
4:08.80, 36944,  2057,
4:09.00, 36944,  1957,
4:09.20, 36944,  2373,
4:09.40, 36937,  2052,
4:09.60, 36928,  1904,
4:09.80, 36928,  1867,
4:10.00, 36922,  2255,
4:10.20, 36915,  1964,
4:10.40, 36908,  1949,
4:10.60, 36899,  1931,
4:10.80, 36889,  2246,
4:11.00, 36889,  1916,
4:11.20, 36880,  2093,
4:11.40, 36876,  1995,
4:11.60, 36874,  2188,
4:11.80, 36861,  1960,
4:12.00, 36861,  2175,
4:12.20, 36832,  1989,
4:12.40, 36798,  1534,
4:12.60, 36766,  2598,
4:12.80, 36743,  2012,
4:13.00, 36739,  2197,
4:13.20, 36739,  2101,
4:13.40, 36729,  2220,
4:13.60, 36707,  1815,
4:13.80, 36680,  2021,
4:14.00, 36637,  2009,
4:14.20, 36637,  2306,
4:14.40, 36600,  1990,
4:14.60, 36579,  2113,
4:14.80, 36580,  3204,
4:15.00, 36610,  2383,
4:15.20, 36610,  2088,
4:15.40, 36630,  2201,
4:15.60, 36649,  2124,
4:15.80, 36657,  2277,
4:16.00, 36638,  2467,
4:16.20, 36618,  2809,
4:16.40, 36618,  2667,
4:16.60, 36578,  2209,
4:16.80, 36543,  2155,
4:17.00, 36533,  1510,
4:17.20, 36549,  2109,
4:17.40, 36549,  2360,
4:17.60, 36547,  2406,
4:17.80, 36508,  2706,
4:18.00, 36485,  2311,
4:18.20, 36470,  2146,
4:18.40, 36486,  2063,
4:18.60, 36486,  2318,
4:18.80, 36507,  1598,
4:19.00, 36460,  1688,
4:19.20, 36361,  1812,
4:19.40, 36261,  3050,
4:19.60, 36261,  1776,
4:19.80, 36205,  2338,
4:20.00, 36211,  3022,
4:20.20, 36237,  3138,
4:20.40, 36163,  2706,
4:20.60, 35990,  2180,
4:20.80, 35990,  1138,
4:21.00, 35767,  1249,
4:21.20, 35555,  1442,
4:21.40, 35455,  1756,
4:21.60, 35458,  2084,
4:21.80, 35458,  2230,
4:22.00, 35511,  1962,
4:22.20, 35594,  2095,
4:22.40, 35657,  2442,
4:22.60, 35662,  1922,
4:22.80, 35662,  1958,
4:23.00, 35624,  1422,
4:23.20, 35568,  1831,
4:23.40, 35549,  1727,
4:23.60, 35572,  2648,
4:23.80, 35662,  2517,
4:24.00, 35662,  2082,
4:24.20, 35759,  2188,
4:24.40, 35807,  1541,
4:24.60, 35823,  1587,
4:24.80, 35771,  1678,
4:25.00, 35771,  1823,
4:25.20, 35712,  2012,
4:25.40, 35687,  2184,
4:25.60, 35689,  1981,
4:25.80, 35692,  2075,
4:26.00, 35710,  1580,
4:26.20, 35710,  2347,
4:26.40, 35733,  1981,
4:26.60, 35786,  2151,
4:26.80, 35886,  2114,
4:27.00, 35978,  2231,
4:27.20, 35978,  1758,
4:27.40, 36053,  2190,
4:27.60, 36098,  2327,
4:27.80, 36131,  1880,
4:28.00, 36156,  2187,
4:28.20, 36156,  2004,
4:28.40, 36185,  3447,
4:28.60, 36215,  2806,
4:28.80, 36243,  2263,
4:29.00, 36270,  2254,
4:29.20, 36305,  1291,
4:29.40, 36305,  1333,
4:29.60, 36357,  2292,
4:29.80, 36422,  2577,
4:30.00, 36499,  2509,
4:30.20, 36562,  2106,
4:30.40, 36562,  2342,
4:30.60, 36602,  2240,
4:30.80, 36612,  2019,
4:31.00, 36598,  1854,
4:31.20, 36587,  1250,
4:31.40, 36585,  1746,
4:31.60, 36585,  2781,
4:31.80, 36592,  2142,
4:32.00, 36605,  2065,
4:32.20, 36611,  1545,
4:32.40, 36595,  2170,
4:32.60, 36595,  3084,
4:32.80, 36577,   950,
4:33.00, 36558,  1514,
4:33.20, 36546,  1953,
4:33.40, 36548,  1944,
4:33.60, 36545,  2116,
4:33.80, 36545,  2464,
4:34.00, 36535,  2863,
4:34.20, 36514,  2328,
4:34.40, 36489,  2254,
4:34.60, 36454,  2248,
4:34.80, 36454,  1054,
4:35.00, 36408,  1356,
4:35.20, 36358,  2748,
4:35.40, 36290,  1637,
4:35.60, 36156,  1912,
4:35.80, 36156,  1552,
4:36.00, 35967,  2022,
4:36.20, 35815,  3985,
4:36.40, 35725,  2921,
4:36.60, 35734,  2318,
4:36.80, 35819,  2801,
4:37.00, 35819,  2411,
4:37.20, 35892,  1817,
4:37.40, 35947,  2460,
4:37.60, 35995,   391,
4:37.80, 36016,   492,
4:38.00, 36016,  1789,
4:38.20, 36026,  2498,
4:38.40, 36048,  3008,
4:38.60, 36061,  1685,
4:38.80, 36095,  1689,
4:39.00, 36158,  2528,
4:39.20, 36158,  2394,
4:39.40, 36245,  2072,
4:39.60, 36370,  2119,
4:39.80, 36527,  1944,
4:40.00, 36680,  2100,
4:40.20, 36680,  2094,
4:40.40, 36805,  2146,
4:40.60, 36895,  2144,
4:40.80, 36952,  1950,
4:41.00, 36979,  1983,
4:41.20, 36979,  1901,
4:41.40, 36978,  2783,
4:41.60, 36972,  2210,
4:41.80, 36970,  2107,
4:42.00, 36969,  1807,
4:42.20, 36972,  2067,
4:42.40, 36972,  1929,
4:42.60, 36982,  2168,
4:42.80, 36991,  1942,
4:43.00, 36996,  2251,
4:43.20, 36988,  2011,
4:43.40, 36988,  2426,
4:43.60, 36970,  2070,
4:43.80, 36952,  1950,
4:44.00, 36941,  1726,
4:44.20, 36951,  1882,
4:44.40, 36972,  1965,
4:44.60, 36972,  1990,
4:44.80, 36999,  1615,
4:45.00, 37026,  2191,
4:45.20, 37040,  2107,
4:45.40, 37046,  2051,
4:45.60, 37046,  1973,
4:45.80, 37044,  1806,
4:46.00, 37041,  2175,
4:46.20, 37032,  2345,
4:46.40, 37022,  1635,
4:46.60, 37003,  1687,
4:46.80, 37003,  2173,
4:47.00, 36934,  2173,
4:47.20, 36845,  1499,
4:47.40, 36781,  1497,
4:47.60, 36752,  2600,
4:47.80, 36752,  2235,
4:48.00, 36764,  2247,
4:48.20, 36784,  2131,
4:48.40, 36770,  2003,
4:48.60, 36728,  2150,
4:48.80, 36728,  1681,
4:49.00, 36684,  1221,
4:49.20, 36660,  1947,
4:49.40, 36672,  1822,
4:49.60, 36701,  2130,
4:49.80, 36766,    33,
4:50.00, 36766,  1644,
4:50.20, 36863,  1758,
4:50.40, 36953,  1737,
4:50.60, 37046,  2449,
4:50.80, 37138,  2204,
4:51.00, 37138,  1915,
4:51.20, 37182,  2032,
4:51.40, 37220,  2352,
4:51.60, 37253,  2440,
4:51.80, 37264,  2484,
4:52.00, 37276,  2308,
4:52.20, 37276,  2469,
4:52.40, 37209,  1521,
4:52.60, 37123,  2025,
4:52.80, 37072,  2081,
4:53.00, 37000,  2459,
4:53.20, 37000,  1966,
4:53.40, 36956,  2057,
4:53.60, 36943,  1972,
4:53.80, 36921,  2182,
4:54.00, 36907,  2245,
4:54.20, 36918,  2085,
4:54.40, 36918,  2272,
4:54.60, 36913,  1966,
4:54.80, 36881,  2585,
4:55.00, 36878,  1888,
4:55.20, 36913,  2044,
4:55.40, 36913,  1823,
4:55.60, 36959,  2463,
4:55.80, 37004,  2200,
4:56.00, 37038,  2317,
4:56.20, 37043,  2149,
4:56.40, 37043,  2356,
4:56.60, 37022,  2235,
4:56.80, 36999,  1829,
4:57.00, 36962,  2400,
4:57.20, 36894,  2040,
4:57.40, 36814,  3047,
4:57.60, 36814,  2330,
4:57.80, 36737,  2046,
4:58.00, 36700,  1847,
4:58.20, 36719,  2375,
4:58.40, 36771,  1911,
4:58.60, 36771,  1937,
4:58.80, 36824,  2022,
4:59.00, 36854,  2074,
4:59.20, 36860,  2226,
4:59.40, 36826,  2051,
4:59.60, 36795,  2277,
4:59.80, 36795,  2459,
5:00.00, 36777,  1943,
5:00.20, 36773,  2294,
5:00.40, 36789,  2070,
5:00.60, 36805,  1407,
5:00.80, 36805,  2348,
5:01.00, 36809,  2679,
5:01.20, 36801,  2738,
5:01.40, 36760,  2309,
5:01.60, 36633,  2010,
5:01.80, 36633,  2059,
5:02.00, 36462,  2173,
5:02.20, 36278,  1841,
5:02.40, 36130,  2067,
5:02.60, 36087,  2076,
5:02.80, 36109,  2197,
5:03.00, 36109,  2346,
5:03.20, 36191,  2155,
5:03.40, 36317,  2333,
5:03.60, 36445,  2299,
5:03.80, 36560,  3285,
5:04.00, 36560,  2341,
5:04.20, 36622,  2093,
5:04.40, 36653,  1961,
5:04.60, 36683,  2178,
5:04.80, 36726,  2142,
5:05.00, 36795,  2033,
5:05.20, 36795,  2089,
5:05.40, 36860,  1802,
5:05.60, 36903,  2135,
5:05.80, 36921,  2787,
5:06.00, 36923,  2001,
5:06.20, 36923,  1944,
5:06.40, 36923,  2273,
5:06.60, 36923,  1986,
5:06.80, 36925,  1675,
5:07.00, 36912,  1876,
5:07.20, 36870,  2172,
5:07.40, 36870,  2182,
5:07.60, 36835,  1987,
5:07.80, 36800,  1905,
5:08.00, 36758,  2096,
5:08.20, 36734,  2459,
5:08.40, 36734,  1941,
5:08.60, 36700,  2090,
5:08.80, 36653,  2094,
5:09.00, 36620,  1912,
5:09.20, 36594,  2386,
5:09.40, 36594,  1722,
5:09.60, 36568,  2345,
5:09.80, 36549,  1993,
5:10.00, 36535,  1921,
5:10.20, 36527,  2083,
5:10.40, 36532,  2039,
5:10.60, 36532,  2158,
5:10.80, 36489,  3211,
5:11.00, 36426,  2344,
5:11.20, 36360,  2105,
5:11.40, 36284,  2101,
5:11.60, 36284,  2388,
5:11.80, 36244,  2548,
5:12.00, 36222,  2169,
5:12.20, 36186,  2931,
5:12.40, 36147,  2285,
5:12.60, 36116,  2186,
5:12.80, 36116,  2016,
5:13.00, 36093,  2060,
5:13.20, 36076,  2128,
5:13.40, 36063,  1805,
5:13.60, 36056,  2163,
5:13.80, 36056,  1999,
5:14.00, 36050,  2106,
5:14.20, 36047,  2184,
5:14.40, 36045,  2009,
5:14.60, 36047,  1812,
5:14.80, 36047,  1975,
5:15.00, 36050,  2169,
5:15.20, 36054,  2284,
5:15.40, 36057,  1960,
5:15.60, 36061,  1444,
5:15.80, 36083,  2519,
5:16.00, 36083,  2281,
5:16.20, 36127,  2027,
5:16.40, 36188,  2114,
5:16.60, 36265,  1576,
5:16.80, 36336,  2436,
5:17.00, 36336,  1944,
5:17.20, 36395,  2124,
5:17.40, 36445,  2139,
5:17.60, 36481,  2335,
5:17.80, 36506,  2300,
5:18.00, 36525,  2186,
5:18.20, 36525,  1867,
5:18.40, 36536,  2148,
5:18.60, 36550,  2058,
5:18.80, 36569,  1932,
5:19.00, 36671,  2218,
5:19.20, 36671,  1830,
5:19.40, 36982,  1984,
5:19.60, 37153,  1212,
5:19.80, 37242,  2343,
5:20.00, 37209,  1936,
5:20.20, 36950,  2304,
5:20.40, 36950,  1737,
5:20.60, 36816,  2290,
5:20.80, 36751,  1931,
5:21.00, 36719,  2094,
5:21.20, 36704,  1973,
5:21.40, 36704,  2133,
5:21.60, 36699,  1851,
5:21.80, 36693,  2113,
5:22.00, 36698,  2398,
5:22.20, 37047,  2124,
5:22.40, 37423,  2023,
5:22.60, 37423,  2083,
5:22.80, 37640,  2419,
5:23.00, 37759,  2038,
5:23.20, 37502,  2708,
5:23.40, 37229,  2174,
5:23.60, 37229,  2171,
5:23.80, 37139,  2082,
5:24.00, 37142,  2585,
5:24.20, 37185,  1590,
5:24.40, 37211,  2566,
5:24.60, 37211,  2070,
5:24.80, 37207,  1990,
5:25.00, 37191,  2238,
5:25.20, 37161,  1953,
5:25.40, 37130,  2088,
5:25.60, 37104,  2069,
5:25.80, 37104,  2066,
5:26.00, 37081,  1850,
5:26.20, 37063,  2101,
5:26.40, 37047,  2134,
5:26.60, 37033,  1922,
5:26.80, 37033,  1877,
5:27.00, 37020,  2286,
5:27.20, 37010,  3436,
5:27.40, 37008,  2711,
5:27.60, 37012,  1831,
5:27.80, 37017,  2031,
5:28.00, 37017,  2052,
5:28.20, 37025,  2474,
5:28.40, 37020,  1896,
5:28.60, 37011,  2197,
5:28.80, 37001,  2076,
5:29.00, 37001,  2416,
5:29.20, 36986,  2107,
5:29.40, 36984,  2257,
5:29.60, 36998,  2524,
5:29.80, 37016,  1990,
5:30.00, 37016,  2316,
5:30.20, 37031,  1794,
5:30.40, 37042,  2592,
5:30.60, 37035,  2050,
5:30.80, 37019,  2071,
5:31.00, 36998,  2285,
5:31.20, 36998,  2233,
5:31.40, 36975,  2480,
5:31.60, 36961,  1842,
5:31.80, 36952,  2396,
5:32.00, 36947,  1884,
5:32.20, 36947,  2059,
5:32.40, 36940,  2312,
5:32.60, 36931,  2370,
5:32.80, 36928,  1882,
5:33.00, 36930,  1937,
5:33.20, 36937,  3336,
5:33.40, 36937,  2254,
5:33.60, 36942,  1727,
5:33.80, 36931,  2003,
5:34.00, 36905,  3211,
5:34.20, 36868,  3058,
5:34.40, 36868,  2769,
5:34.60, 36831,  2480,
5:34.80, 36804,  2054,
5:35.00, 36786,  2581,
5:35.20, 36773,  2172,
5:35.40, 36764,  2360,
5:35.60, 36764,  1891,
5:35.80, 36746,  2091,
5:36.00, 36733,  2148,
5:36.20, 36731,  2191,
5:36.40, 36741,  2203,
5:36.60, 36741,  2021,
5:36.80, 36775,  2064,
5:37.00, 36811,  2601,
5:37.20, 36860,  2507,
5:37.40, 36884,  2102,
5:37.60, 36884,  1920,
5:37.80, 36873,  1443,
5:38.00, 36843,  1575,
5:38.20, 36791,  1289,
5:38.40, 36749,  1412,
5:38.60, 36721,  2658,
5:38.80, 36721,  2919,
5:39.00, 36630,   770,
5:39.20, 36471,  2369,
5:39.40, 36330,  2665,
5:39.60, 36228,  2267,
5:39.80, 36228,  2267,
5:40.00, 36222,  1979,
5:40.20, 36286,  2523,
5:40.40, 36341,  2793,
5:40.60, 36397,  2736,
5:40.80, 36419,  2104,
5:41.00, 36419,  1899,
5:41.20, 36366,  2230,
5:41.40, 36274,  2551,
5:41.60, 36136,  2324,
5:41.80, 36015,  2173,
5:42.00, 36015,  2321,
5:42.20, 35971,  1455,
5:42.40, 35951,   987,
5:42.60, 35951,  1413,
5:42.80, 35956,  3137,
5:43.00, 35956,  2077,
5:43.20, 35954,  1689,
5:43.40, 35950,  3001,
5:43.60, 35947,  2187,
5:43.80, 35927,  2557,
5:44.00, 35908,  1070,
5:44.20, 35908,  1409,
5:44.40, 35912,  1814,
5:44.60, 35933,  1994,
5:44.80, 36004,  2212,
5:45.00, 36097,  2331,
5:45.20, 36097,   670,
5:45.40, 36064,   697,
5:45.60, 35942,  1873,
5:45.80, 35785,  1827,
5:46.00, 35636,  2215,
5:46.20, 35641,  2028,
5:46.40, 35641,  1736,
5:46.60, 35734,  2126,
5:46.80, 35818,  2789,
5:47.00, 35898,  2518,
5:47.20, 35933,  1884,
5:47.40, 35933,  2149,
5:47.60, 35942,  1933,
5:47.80, 35962,  2294,
5:48.00, 35980,  2022,
5:48.20, 36014,  2035,
5:48.40, 36063,  1996,
5:48.60, 36063,  1653,
5:48.80, 36136,  1963,
5:49.00, 36196,  1960,
5:49.20, 36243,  2068,
5:49.40, 36285,  1990,
5:49.60, 36285,  2011,
5:49.80, 36298,  1478,
5:50.00, 36306,  2323,
5:50.20, 36322,  1948,
5:50.40, 36335,  2001,
5:50.60, 36335,  2010,
5:50.80, 36347,  2044,
5:51.00, 36360,  2115,
5:51.20, 36368,  2039,
5:51.40, 36376,  2302,
5:51.60, 36384,  2065,
5:51.80, 36384,  2134,
5:52.00, 36392,  2045,
5:52.20, 36401,  2188,
5:52.40, 36410,  2114,
5:52.60, 36419,  2347,
5:52.80, 36419,  2299,
5:53.00, 36430,  1949,
5:53.20, 36440,  1843,
5:53.40, 36449,  2239,
5:53.60, 36456,  1867,
5:53.80, 36461,  1984,
5:54.00, 36461,  2086,
5:54.20, 36465,  2070,
5:54.40, 36468,  2043,
5:54.60, 36471,  2716,
5:54.80, 36474,  2364,
5:55.00, 36474,  2078,
5:55.20, 36478,  1991,
5:55.40, 36481,  1991,
5:55.60, 36483,  1995,
5:55.80, 36484,  2022,
5:56.00, 36483,  1944,
5:56.20, 36483,  2188,
5:56.40, 36481,  2006,
5:56.60, 36481,  2094,
5:56.80, 36481,  3275,
5:57.00, 36494,  2322,
5:57.20, 36494,  2018,
5:57.40, 36503,  1826,
5:57.60, 36506,  1474,
5:57.80, 36509,  2252,
5:58.00, 36491,  2115,
5:58.20, 36491,  2674,
5:58.40, 36447,  2497,
5:58.60, 36393,  2249,
5:58.80, 36343,  2235,
5:59.00, 36308,   688,
5:59.20, 36311,  1922,
5:59.40, 36311,  1885,
5:59.60, 36332,  1829,
5:59.80, 36357,  1842,
6:00.00, 36349,  1315,
6:00.20, 36326,  2125,
6:00.40, 36326,  2300,
6:00.60, 36324,  2292,
6:00.80, 36329,  2207,
6:01.00, 36366,  2133,
6:01.20, 36414,  2191,
6:01.40, 36441,  2352,
6:01.60, 36441,  2083,
6:01.80, 36456,  2034,
6:02.00, 36466,  2786,
6:02.20, 36478,  2373,
6:02.40, 36485,  2111,
6:02.60, 36485,  2261,
6:02.80, 36493,  2270,
6:03.00, 36505,  1694,
6:03.20, 36515,  1589,
6:03.40, 36532,  2222,
6:03.60, 36532,  2004,
6:03.80, 36462,  2056,
6:04.00, 36317,  2101,
6:04.20, 36236,  3054,
6:04.40, 36208,  1941,
6:04.60, 36290,  3114,
6:04.80, 36290,  2640,
6:05.00, 36422,  2133,
6:05.20, 36464,  2210,
6:05.40, 36435,  1846,
6:05.60, 36364,  2131,
6:05.80, 36364,  3247,
6:06.00, 36306,  2423,
6:06.20, 36262,  2072,
6:06.40, 36226,  2157,
6:06.60, 36194,  1899,
6:06.80, 36165,  2138,
6:07.00, 36165,  2020,
6:07.20, 36136,  1894,
6:07.40, 36107,  1968,
6:07.60, 36081,  1902,
6:07.80, 36055,  2054,
6:08.00, 36055,  2020,
6:08.20, 36034,  2271,
6:08.40, 36013,  1999,
6:08.60, 35996,  2136,
6:08.80, 35981,  1711,
6:09.00, 35963,  2385,
6:09.20, 35963,  2117,
6:09.40, 35952,  1997,
6:09.60, 35948,   572,
6:09.80, 35944,  1423,
6:10.00, 35945,  1894,
6:10.20, 35945,  2924,
6:10.40, 35914,  2342,
6:10.60, 35823,  1992,
6:10.80, 35718,  2399,
6:11.00, 35608,  2476,
6:11.20, 35608,  2106,
6:11.40, 35527,  2018,
6:11.60, 35516,  2111,
6:11.80, 35543,  1586,
6:12.00, 35595,  1689,
6:12.20, 35653,  2014,
6:12.40, 35653,  1839,
6:12.60, 35704,  2483,
6:12.80, 35739,  2938,
6:13.00, 35766,  2558,
6:13.20, 35778,  2144,
6:13.40, 35778,  2430,
6:13.60, 35783,  2094,
6:13.80, 35783,  2046,
6:14.00, 35770,  2143,
6:14.20, 35756,  2047,
6:14.40, 35738,  2260,
6:14.60, 35738,  2049,
6:14.80, 35727,  2546,
6:15.00, 35717,  2054,
6:15.20, 35690,  2478,
6:15.40, 35663,  1787,
6:15.60, 35663,  1122,
6:15.80, 35603,  1525,
6:16.00, 35528,  2829,
6:16.20, 35468,  1568,
6:16.40, 35326,  1488,
6:16.60, 35326,  1522,
6:16.80, 35131,  3255,
6:17.00, 34928,  3681,
6:17.20, 34747,  2228,
6:17.40, 34651,  1536,
6:17.60, 34654,  1944,
6:17.80, 34654,  3024,
6:18.00, 34697,  2944,
6:18.20, 34704,  2015,
6:18.40, 34723,   895,
6:18.60, 34773,  3524,
6:18.80, 34773,  2228,
6:19.00, 34795,  2295,
6:19.20, 34753,   385,
6:19.40, 34684,  1460,
6:19.60, 34608,  1597,
6:19.80, 34597,  3553,
6:20.00, 34597,  2624,
6:20.20, 34692,  1901,
6:20.40, 34796,  1336,
6:20.60, 34828,  2626,
6:20.80, 34808,   954,
6:21.00, 34808,  1132,
6:21.20, 34810,  3364,
6:21.40, 34862,  3061,
6:21.60, 34978,  1893,
6:21.80, 35108,   924,
6:22.00, 35171,   991,
6:22.20, 35171,  1710,
6:22.40, 35142,  2702,
6:22.60, 35071,  3940,
6:22.80, 35017,  1475,
6:23.00, 35022,  1940,
6:23.20, 35022,  2389,
6:23.40, 35160,  2980,
6:23.60, 35402,  3226,
6:23.80, 35650,  2668,
6:24.00, 35896,  2119,
6:24.20, 35896,  2484,
6:24.40, 36065,  1799,
6:24.60, 36150,  1981,
6:24.80, 36205,  1753,
6:25.00, 36218,   432,
6:25.20, 36183,  1426,
6:25.40, 36183,  2718,
6:25.60, 36121,  2836,
6:25.80, 35997,  1787,
6:26.00, 35793,  2215,
6:26.20, 35556,  1534,
6:26.40, 35556,  2334,
6:26.60, 35230,  2878,
6:26.80, 34964,  1964,
6:27.00, 34833,  1111,
6:27.20, 34813,  1904,
6:27.40, 34949,  3170,
6:27.60, 34949,  2382,
6:27.80, 35125,   957,
6:28.00, 35280,  1995,
6:28.20, 35408,  2132,
6:28.40, 35532,  2040,
6:28.60, 35532,  2234,
6:28.80, 35648,  1832,
6:29.00, 35768,  2524,
6:29.20, 35909,  2057,
6:29.40, 36007,  2110,
6:29.60, 36078,  2150,
6:29.80, 36078,  1559,
6:30.00, 36120,  2341,
6:30.20, 36104,  1845,
6:30.40, 36062,  2750,
6:30.60, 35998,  2525,
6:30.80, 35998,  1937,
6:31.00, 35917,  2256,
6:31.20, 35870,  2047,
6:31.40, 35851,  2175,
6:31.60, 35845,  1998,
6:31.80, 35845,  2081,
6:32.00, 35857,  2046,
6:32.20, 35860,  2089,
6:32.40, 35854,  2268,
6:32.60, 35853,  1998,
6:32.80, 35858,  2140,
6:33.00, 35858,  2063,
6:33.20, 35863,  2074,
6:33.40, 35865,  2029,
6:33.60, 35863,  2034,
6:33.80, 35856,  2149,
6:34.00, 35856,  2030,
6:34.20, 35848,  2196,
6:34.40, 35837,  2068,
6:34.60, 35825,  2101,
6:34.80, 35812,  2052,
6:35.00, 35800,  2138,
6:35.20, 35800,  2094,
6:35.40, 35790,  2142,
6:35.60, 35782,  1897,
6:35.80, 35771,  2677,
6:36.00, 35755,  2240,
6:36.20, 35755,  1881,
6:36.40, 35711,  2338,
6:36.60, 35603,  1643,
6:36.80, 35486,  2253,
6:37.00, 35360,  2012,
6:37.20, 35360,  1960,
6:37.40, 35262,  2093,
6:37.60, 35263,  1917,
6:37.80, 35307,  2060,
6:38.00, 35396,  1934,
6:38.20, 35506,  2332,
6:38.40, 35506,  1943,
6:38.60, 35598,  2119,
6:38.80, 35670,  3276,
6:39.00, 35719,  2293,
6:39.20, 35750,  2049,
6:39.40, 35750,  2128,
6:39.60, 35770,  2009,
6:39.80, 35783,  2201,
6:40.00, 35792,  2074,
6:40.20, 35800,  2037,
6:40.40, 35806,  2112,
6:40.60, 35806,  2020,
6:40.80, 35807,  2104,
6:41.00, 35804,  2380,
6:41.20, 35806,  2340,
6:41.40, 35811,  2159,
6:41.60, 35811,  2036,
6:41.80, 35821,  2131,
6:42.00, 35832,  2044,
6:42.20, 35838,  2118,
6:42.40, 35843,  1957,
6:42.60, 35847,  1959,
6:42.80, 35847,  2160,
6:43.00, 35854,  1706,
6:43.20, 35859,  2300,
6:43.40, 35860,  2001,
6:43.60, 35861,  3144,
6:43.80, 35861,  2228,
6:44.00, 35862,  2205,
6:44.20, 35864,  2086,
6:44.40, 35869,  2121,
6:44.60, 35876,  1979,
6:44.80, 35876,  1979,
6:45.00, 35883,  3367,
6:45.20, 35884,  2179,
6:45.40, 35889,  2119,
6:45.60, 35899,  2085,
6:45.80, 35909,  2026,
6:46.00, 35909,  1950,
6:46.20, 35924,  1929,
6:46.40, 35933,  1922,
6:46.60, 35932,  2303,
6:46.80, 35929,  2036,
6:47.00, 35929,  1911,
6:47.20, 35917,  2164,
6:47.40, 35910,  1993,
6:47.60, 35909,  2033,
6:47.80, 35909,  2004,
6:48.00, 35916,  1997,
6:48.20, 35916,  2098,
6:48.40, 35917,  1933,
6:48.60, 35873,  3809,
6:48.80, 35711,  2362,
6:49.00, 35383,  1366,
6:49.20, 35383,  2059,
6:49.40, 34973,  1264,
6:49.60, 34628,  1812,
6:49.80, 34465,  2589,
6:50.00, 34424,  2427,
6:50.20, 34424,  3106,
6:50.40, 34448,  3759,
6:50.60, 34339,  2188,
6:50.80, 34062,   899,
6:51.00, 33788,  2384,
6:51.20, 33615,  1923,
6:51.40, 33615,  1596,
6:51.60, 33666,  2254,
6:51.80, 33895,  1970,
6:52.00, 34230,  2238,
6:52.20, 34527,  1972,
6:52.40, 34527,  2086,
6:52.60, 34749,  1968,
6:52.80, 34954,  1992,
6:53.00, 35135,  2061,
6:53.20, 35318,  1972,
6:53.40, 35489,  2102,
6:53.60, 35489,  1941,
6:53.80, 35629,  1930,
6:54.00, 35742,  2026,
6:54.20, 35820,  2284,
6:54.40, 35874,  1901,
6:54.60, 35874,  2025,
6:54.80, 35907,  1665,
6:55.00, 35931,  2390,
6:55.20, 35947,  2018,
6:55.40, 35959,  2057,
6:55.60, 35966,  2098,
6:55.80, 35966,  1823,
6:56.00, 35970,  1808,
6:56.20, 35971,  2185,
6:56.40, 35972,  2126,
6:56.60, 35970,  2223,
6:56.80, 35970,  2053,
6:57.00, 35969,  1921,
6:57.20, 35956,  2404,
6:57.40, 35936,  1838,
6:57.60, 35891,  1957,
6:57.80, 35891,  3595,
6:58.00, 35772,  2785,
6:58.20, 35582,  2486,
6:58.40, 35277,  2482,
6:58.60, 34903,  2190,
6:58.80, 34593,   195,
6:59.00, 34593,  1485,
6:59.20, 34427,  3403,
6:59.40, 34416,  3044,
6:59.60, 34457,  2363,
6:59.80, 34454,  2793,
7:00.00, 34454,  1936,
7:00.20, 34323,  2172,
7:00.40, 34137,  2266,
7:00.60, 34002,   207,
7:00.80, 33956,   783,
7:01.00, 34065,  1029,
7:01.20, 34065,  2453,
7:01.40, 34268,  2535,
7:01.60, 34514,  2270,
7:01.80, 34774,  2100,
7:02.00, 34991,  2194,
7:02.20, 34991,  1887,
7:02.40, 35172,  2065,
7:02.60, 35322,  1966,
7:02.80, 35439,  2086,
7:03.00, 35502,  1772,
7:03.20, 35467,  3728,
7:03.40, 35467,  3203,
7:03.60, 35344,  2608,
7:03.80, 35128,  2282,
7:04.00, 34832,   871,
7:04.20, 34556,   127,
7:04.40, 34556,  2152,
7:04.60, 34397,  1911,
7:04.80, 34405,  2055,
7:05.00, 34567,  2055,
7:05.20, 34817,  2171,
7:05.40, 34817,  2187,
7:05.60, 35042,  2882,
7:05.80, 35159,  3454,
7:06.00, 35187,  3011,
7:06.20, 35153,  1414,
7:06.40, 35078,  1537,
7:06.60, 35078,  2883,
7:06.80, 34989,  2153,
7:07.00, 34763,  2366,
7:07.20, 34421,  2702,
7:07.40, 34014,  2157,
7:07.60, 34014,  1924,
7:07.80, 33584,   913,
7:08.00, 33292,   546,
7:08.20, 33181,  1160,
7:08.40, 33255,   828,
7:08.60, 33255,  3115,
7:08.80, 33472,  2595,
7:09.00, 33769,  2706,
7:09.20, 34090,  2361,
7:09.40, 34396,  1798,
7:09.60, 34658,  1868,
7:09.80, 34658,  2152,
7:10.00, 34889,  2073,
7:10.20, 35071,  2125,
7:10.40, 35164,  2265,
7:10.60, 35230,  1819,
7:10.80, 35230,  2091,
7:11.00, 35281,  1304,
7:11.20, 35319,  2314,
7:11.40, 35366,  1758,
7:11.60, 35410,  1418,
7:11.80, 35449,  2437,
7:12.00, 35449,  2303,
7:12.20, 35487,  2193,
7:12.40, 35524,  2070,
7:12.60, 35551,  1735,
7:12.80, 35569,  1988,
7:13.00, 35569,  2001,
7:13.20, 35582,  1961,
7:13.40, 35594,  2182,
7:13.60, 35612,  2073,
7:13.80, 35641,  2004,
7:14.00, 35671,  2322,
7:14.20, 35671,  2137,
7:14.40, 35696,  2183,
7:14.60, 35728,  2043,
7:14.80, 35775,  1917,
7:15.00, 35833,  1661,
7:15.20, 35833,  1891,
7:15.40, 35897,  1903,
7:15.60, 35953,  2095,
7:15.80, 35987,  1594,
7:16.00, 36011,  2082,
7:16.20, 36011,  1706,
7:16.40, 36026,  2008,
7:16.60, 36036,  2117,
7:16.80, 36041,  1964,
7:17.00, 36027,  1862,
7:17.20, 35982,  2136,
7:17.40, 35982,  1915,
7:17.60, 35922,  2033,
7:17.80, 35868,  2109,
7:18.00, 35834,  2046,
7:18.20, 35830,  2319,
7:18.40, 35830,  2105,
7:18.60, 35801,  2406,
7:18.80, 35788,  2018,
7:19.00, 35807,  2140,
7:19.20, 35791,  2449,
7:19.40, 35793,  3068,
7:19.60, 35793,  2666,
7:19.80, 35702,  2294,
7:20.00, 35492,  3689,
7:20.20, 35238,  3143,
7:20.40, 34915,  2419,
7:20.60, 34915,   884,
7:20.80, 34673,  1828,
7:21.00, 34604,  1787,
7:21.20, 34680,  2105,
7:21.40, 34888,  1932,
7:21.60, 35116,  2418,
7:21.80, 35116,  2009,
7:22.00, 35270,  1987,
7:22.20, 35366,  2182,
7:22.40, 35424,  1968,
7:22.60, 35457,  2136,
7:22.80, 35457,  2086,
7:23.00, 35472,  2417,
7:23.20, 35474,  1975,
7:23.40, 35465,  2090,
7:23.60, 35460,  2199,
7:23.80, 35460,  2125,
7:24.00, 35503,  1790,
7:24.20, 35539,  2018,
7:24.40, 35570,  2280,
7:24.60, 35582,  1998,
7:24.80, 35530,  2004,
7:25.00, 35530,  2223,
7:25.20, 35481,  2090,
7:25.40, 35435,  2162,
7:25.60, 35398,  1937,
7:25.80, 35374,  1483,
7:26.00, 35374,  2029,
7:26.20, 35354,  2438,
7:26.40, 35325,  1983,
7:26.60, 35288,  2070,
7:26.80, 35252,  1498,
7:27.00, 35219,  2183,
7:27.20, 35219,  2004,
7:27.40, 35190,  2194,
7:27.60, 35167,  2687,
7:27.80, 35076,  2899,
7:28.00, 34910,  3156,
7:28.20, 34910,  3258,
7:28.40, 34712,  2164,
7:28.60, 34494,  1667,
7:28.80, 34355,  2063,
7:29.00, 34281,  2096,
7:29.20, 34281,  1844,
7:29.40, 34248,   139,
7:29.60, 34296,  1235,
7:29.80, 34453,  1760,
7:30.00, 34666,  3448,
7:30.20, 34785,  3103,
7:30.40, 34785,  2852,
7:30.60, 34785,  2480,
7:30.80, 34666,  2103,
7:31.00, 34402,  1946,
7:31.20, 34155,  2065,
7:31.40, 34155,    96,
7:31.60, 33983,  1176,
7:31.80, 33911,  2262,
7:32.00, 34002,  3508,
7:32.20, 34116,  2840,
7:32.40, 34130,  2367,
7:32.60, 34130,  2048,
7:32.80, 33948,  1921,
7:33.00, 33665,  1861,
7:33.20, 33438,  1826,
7:33.40, 33437,  1147,
7:33.60, 33437,  2076,
7:33.80, 33707,  1899,
7:34.00, 34132,  2145,
7:34.20, 34514,  2407,
7:34.40, 34663,  1828,
7:34.60, 34574,   893,
7:34.80, 34574,  1406,
7:35.00, 34396,  3748,
7:35.20, 34325,  2615,
7:35.40, 34424,  2048,
7:35.60, 34429,  2264,
7:35.80, 34429,  1614,
7:36.00, 34281,  2003,
7:36.20, 34022,  1723,
7:36.40, 33673,  1132,
7:36.60, 33492,   776,
7:36.80, 33492,  3135,
7:37.00, 33545,  3884,
7:37.20, 33702,  2973,
7:37.40, 33819,  1961,
7:37.60, 33854,  2125,
7:37.80, 33694,  1916,
7:38.00, 33694,  2037,
7:38.20, 33447,  2034,
7:38.40, 33267,  2157,
7:38.60, 33172,  2064,
7:38.80, 33132,  2007,
7:39.00, 33132,  2074,
7:39.20, 33105,  1682,
7:39.40, 33070,  2016,
7:39.60, 33024,  2415,
7:39.80, 32964,  2174,
7:40.00, 32884,  1806,
7:40.20, 32884,   567,
7:40.40, 32805,  1690,
7:40.60, 32828,  1827,
7:40.80, 33024,  1900,
7:41.00, 33336,  2168,
7:41.20, 33336,  1992,
7:41.40, 33718,  2175,
7:41.60, 34049,  1899,
7:41.80, 34297,  2182,
7:42.00, 34515,  2055,
7:42.20, 34515,  2184,
7:42.40, 34698,  2066,
7:42.60, 34857,  2071,
7:42.80, 34993,  2053,
7:43.00, 35092,  1899,
7:43.20, 35168,  1949,
7:43.40, 35168,  1998,
7:43.60, 35227,  2177,
7:43.80, 35272,  2068,
7:44.00, 35310,  2182,
7:44.20, 35344,  1707,
7:44.40, 35344,  2345,
7:44.60, 35375,  2121,
7:44.80, 35407,  2105,
7:45.00, 35435,  2177,
7:45.20, 35458,  2073,
7:45.40, 35473,  2158,
7:45.60, 35473,  2027,
7:45.80, 35484,  2137,
7:46.00, 35493,  1918,
7:46.20, 35497,  2063,
7:46.40, 35485,  1916,
7:46.60, 35485,  3506,
7:46.80, 35428,  3455,
7:47.00, 35278,  3128,
7:47.20, 35020,  2685,
7:47.40, 34722,  1298,
7:47.60, 34494,  1004,
7:47.80, 34494,  1550,
7:48.00, 34409,  1855,
7:48.20, 34487,  1937,
7:48.40, 34657,  2080,
7:48.60, 34828,  2211,
7:48.80, 34828,  2038,
7:49.00, 34962,  2220,
7:49.20, 35067,  2079,
7:49.40, 35154,  2578,
7:49.60, 35231,  2169,
7:49.80, 35231,  2087,
7:50.00, 35304,  2132,
7:50.20, 35351,  2102,
7:50.40, 35384,  1998,
7:50.60, 35413,  2230,
7:50.80, 35451,  1887,
7:51.00, 35451,  2080,
7:51.20, 35502,  2047,
7:51.40, 35556,  2135,
7:51.60, 35605,  2014,
7:51.80, 35638,  2072,
7:52.00, 35638,  1759,
7:52.20, 35659,  3892,
7:52.40, 35598,  3149,
7:52.60, 35420,  2890,
7:52.80, 35133,  2198,
7:53.00, 34820,  2200,
7:53.20, 34820,  1482,
7:53.40, 34600,   309,
7:53.60, 34547,  1717,
7:53.80, 34724,  2291,
7:54.00, 35020,  3629,
7:54.20, 35020,  2723,
7:54.40, 35321,  2342,
7:54.60, 35580,  2320,
7:54.80, 35710,  1994,
7:55.00, 35744,  2451,
7:55.20, 35752,  1609,
7:55.40, 35752,  1405,
7:55.60, 35743,  1149,
7:55.80, 35726,  3143,
7:56.00, 35648,  2596,
7:56.20, 35461,  2600,
7:56.40, 35461,  2215,
7:56.60, 35224,  2205,
7:56.80, 34966,  2004,
7:57.00, 34770,  1962,
7:57.20, 34695,  1946,
7:57.40, 34695,  2472,
7:57.60, 34705,  2378,
7:57.80, 34770,  2242,
7:58.00, 34815,  1939,
7:58.20, 34824,  2201,
7:58.40, 34800,  1995,
7:58.60, 34800,  2087,
7:58.80, 34752,  2629,
7:59.00, 34724,  2429,
7:59.20, 34697,  2017,
7:59.40, 34605,  2174,
7:59.60, 34605,  2160,
7:59.80, 34490,  2107,
8:00.00, 34370,  1881,
8:00.20, 34286,  2168,
8:00.40, 34287,  1144,
8:00.60, 34338,  1375,
8:00.80, 34338,  1746,
8:01.00, 34442,  3948,
8:01.20, 34495,  2274,
8:01.40, 34480,  2441,
8:01.60, 34487,  3907,
8:01.80, 34487,   816,
8:02.00, 34532,  1477,
8:02.20, 34639,  2735,
8:02.40, 34793,  3046,
8:02.60, 34817,  1884,
8:02.80, 34817,   490,
8:03.00, 34706,  1577,
8:03.20, 34613,  3236,
8:03.40, 34542,  2301,
8:03.60, 34416,  2487,
8:03.80, 34284,  2343,
8:04.00, 34284,  1228,
8:04.20, 34137,  2041,
8:04.40, 34037,  2861,
8:04.60, 34078,  2935,
8:04.80, 34136,  2841,
8:05.00, 34136,  1985,
8:05.20, 34100,  2386,
8:05.40, 33926,  1156,
8:05.60, 33754,   894,
8:05.80, 33712,  1487,
8:06.00, 33865,  2451,
8:06.20, 33865,  1749,
8:06.40, 34245,  3594,
8:06.60, 34696,  2705,
8:06.80, 35105,  2334,
8:07.00, 35396,  1902,
8:07.20, 35396,  2090,
8:07.40, 35531,  1361,
8:07.60, 35591,   179,
8:07.80, 35593,  2236,
8:08.00, 35555,  3076,
8:08.20, 35401,  2658,
8:08.40, 35401,  2487,
8:08.60, 35159,  1538,
8:08.80, 34952,    87,
8:09.00, 34783,  1657,
8:09.20, 34749,  1840,
8:09.40, 34749,  3547,
8:09.60, 34841,  3136,
8:09.80, 34996,  1894,
8:10.00, 35191,  2147,
8:10.20, 35378,  2448,
8:10.40, 35378,  2255,
8:10.60, 35521,  1276,
8:10.80, 35573,   133,
8:11.00, 35553,  1263,
8:11.20, 35488,  1679,
8:11.40, 35362,  1980,
8:11.60, 35362,  2163,
8:11.80, 35212,  2112,
8:12.00, 35096,  1997,
8:12.20, 35016,  1808,
8:12.40, 35004,  2136,
8:12.60, 35004,  2213,
8:12.80, 35054,  2379,
8:13.00, 35116,  1973,
8:13.20, 35204,  2967,
8:13.40, 35298,  2263,
8:13.60, 35366,  2124,
8:13.80, 35366,  2026,
8:14.00, 35407,  2216,
8:14.20, 35424,  1966,
8:14.40, 35434,  1917,
8:14.60, 35451,  1794,
8:14.80, 35451,  1979,
8:15.00, 35485,  2189,
8:15.20, 35528,  1830,
8:15.40, 35575,  1737,
8:15.60, 35609,  2012,
8:15.80, 35609,  2259,
8:16.00, 35627,  1948,
8:16.20, 35646,  1596,
8:16.40, 35665,  2038,
8:16.60, 35673,  3460,
8:16.80, 35685,  2477,
8:17.00, 35685,  2013,
8:17.20, 35689,  2054,
8:17.40, 35692,  1885,
8:17.60, 35651,  2160,
8:17.80, 35524,  1976,
8:18.00, 35524,  3076,
8:18.20, 35324,  2261,
8:18.40, 35088,  2437,
8:18.60, 34835,  2270,
8:18.80, 34656,  1963,
8:19.00, 34583,  1901,
8:19.20, 34583,  1913,
8:19.40, 34577,  1476,
8:19.60, 34675,  2367,
8:19.80, 34803,  1884,
8:20.00, 34895,  1993,
8:20.20, 34895,  2384,
8:20.40, 34948,  2017,
8:20.60, 34991,  2507,
8:20.80, 35041,  1908,
8:21.00, 35119,  2059,
8:21.20, 35218,  2031,
8:21.40, 35218,  2190,
8:21.60, 35310,  2240,
8:21.80, 35389,  1814,
8:22.00, 35431,  3051,
8:22.20, 35395,  2838,
8:22.40, 35395,  2285,
8:22.60, 35282,  1952,
8:22.80, 35096,  2291,
8:23.00, 34909,  2054,
8:23.20, 34823,  2952,
8:23.40, 34823,  3073,
8:23.60, 34803,  2654,
8:23.80, 34794,  2465,
8:24.00, 34710,  2153,
8:24.20, 34558,  1979,
8:24.40, 34496,  2552,
8:24.60, 34496,  1346,
8:24.80, 34569,   855,
8:25.00, 34704,  1632,
8:25.20, 34796,  3257,
8:25.40, 34751,  3098,
8:25.60, 34751,  2506,
8:25.80, 34572,  2687,
8:26.00, 34333,  2027,
8:26.20, 34094,  1790,
8:26.40, 33892,   614,
8:26.60, 33862,  1348,
8:26.80, 33862,  1655,
8:27.00, 34050,  1719,
8:27.20, 34398,  2136,
8:27.40, 34815,  1985,
8:27.60, 35141,  2115,
8:27.80, 35141,  1581,
8:28.00, 35353,  2366,
8:28.20, 35492,  2029,
8:28.40, 35588,  2040,
8:28.60, 35660,  2128,
8:28.80, 35660,  1960,
8:29.00, 35715,  2032,
8:29.20, 35756,  1995,
8:29.40, 35787,  2284,
8:29.60, 35812,  2001,
8:29.80, 35832,  2092,
8:30.00, 35832,  1685,
8:30.20, 35849,  2313,
8:30.40, 35862,  2047,
8:30.60, 35873,  2067,
8:30.80, 35882,  2016,
8:31.00, 35882,  2271,
8:31.20, 35889,  2036,
8:31.40, 35894,  2050,
8:31.60, 35898,  2107,
8:31.80, 35892,  1478,
8:32.00, 35831,  1480,
8:32.20, 35831,  1997,
8:32.40, 35729,  3068,
8:32.60, 35566,  2643,
8:32.80, 35372,  2494,
8:33.00, 35219,  2314,
8:33.20, 35219,  2022,
8:33.40, 35106,  2093,
8:33.60, 35046,  2124,
8:33.80, 35018,  1988,
8:34.00, 34938,  2477,
8:34.20, 34811,  2331,
8:34.40, 34811,  2474,
8:34.60, 34677,  2248,
8:34.80, 34551,  2020,
8:35.00, 34494,  2014,
8:35.20, 34469,  1460,
8:35.40, 34469,  2004,
8:35.60, 34407,  2093,
8:35.80, 34271,   896,
8:36.00, 34117,  1558,
8:36.20, 34006,  3684,
8:36.40, 34006,  3677,
8:36.60, 33949,  3136,
8:36.80, 33957,  2259,
8:37.00, 33911,   118,
8:37.20, 33828,   542,
8:37.40, 33857,  1679,
8:37.60, 33857,  1524,
8:37.80, 34004,  2193,
8:38.00, 34335,  2195,
8:38.20, 34758,  2370,
8:38.40, 35106,  2037,
8:38.60, 35106,  1351,
8:38.80, 35362,  1927,
8:39.00, 35529,  2206,
8:39.20, 35632,  2271,
8:39.40, 35713,  2231,
8:39.60, 35781,  2169,
8:39.80, 35781,  1897,
8:40.00, 35801,  2203,
8:40.20, 35813,  1836,
8:40.40, 35811,  2027,
8:40.60, 35811,  2023,
8:40.80, 35811,  1561,
8:41.00, 35832,  2278,
8:41.20, 35855,  2017,
8:41.40, 35887,  3164,
8:41.60, 35931,  2279,
8:41.80, 35983,  2133,
8:42.00, 35983,  1913,
8:42.20, 36033,  2069,
8:42.40, 36068,  2022,
8:42.60, 36080,  2136,
8:42.80, 36069,  3345,
8:43.00, 36069,  2438,
8:43.20, 36032,  1946,
8:43.40, 35975,  2217,
8:43.60, 35917,  2935,
8:43.80, 35850,  3850,
8:44.00, 35850,  3409,
8:44.20, 35765,  2760,
8:44.40, 35578,  2237,
8:44.60, 35245,  1394,
8:44.80, 34876,  1671,
8:45.00, 34548,  2071,
8:45.20, 34548,   574,
8:45.40, 34362,  1563,
8:45.60, 34349,  2013,
8:45.80, 34417,  1758,
8:46.00, 34470,  2906,
8:46.20, 34470,  2273,
8:46.40, 34400,  1572,
8:46.60, 34250,  1426,
8:46.80, 34104,  3009,
8:47.00, 34093,  2466,
8:47.20, 34308,  2079,
8:47.40, 34308,  1833,
8:47.60, 34656,  2000,
8:47.80, 35028,  2154,
8:48.00, 35305,  2404,
8:48.20, 35495,  2098,
8:48.40, 35495,  2078,
8:48.60, 35650,  3730,
8:48.80, 35762,  3776,
8:49.00, 35800,  2596,
8:49.20, 35655,  2742,
8:49.40, 35655,    52,
8:49.60, 35352,  1274,
8:49.80, 35080,  2042,
8:50.00, 34948,  3615,
8:50.20, 34968,  3158,
8:50.40, 35003,  3769,
8:50.60, 35003,  2523,
8:50.80, 34912,  2319,
8:51.00, 34685,  1848,
8:51.20, 34439,  2270,
8:51.40, 34290,  2018,
8:51.60, 34290,   179,
8:51.80, 34252,   923,
8:52.00, 34322,  1816,
8:52.20, 34499,  1849,
8:52.40, 34743,  2251,
8:52.60, 34978,  2421,
8:52.80, 34978,  2427,
8:53.00, 35134,  2399,
8:53.20, 35162,  2589,
8:53.40, 35113,  3033,
8:53.60, 35024,   889,
8:53.80, 35024,  2425,
8:54.00, 34931,  3295,
8:54.20, 34827,  2841,
8:54.40, 34660,  2772,
8:54.60, 34471,   604,
8:54.80, 34471,   885,
8:55.00, 34293,  1550,
8:55.20, 34210,  1913,
8:55.40, 34246,  1751,
8:55.60, 34342,  2316,
8:55.80, 34459,  2133,
8:56.00, 34459,  2222,
8:56.20, 34550,  2109,
8:56.40, 34604,  2236,
8:56.60, 34643,  2180,
8:56.80, 34665,  1936,
8:57.00, 34665,  2422,
8:57.20, 34648,  2472,
8:57.40, 34584,  3017,
8:57.60, 34450,   701,
8:57.80, 34337,  1395,
8:58.00, 34332,  1628,
8:58.20, 34332,  1890,
8:58.40, 34453,  2097,
8:58.60, 34699,  2252,
8:58.80, 34983,  2857,
8:59.00, 35190,  3693,
8:59.20, 35190,  2305,
8:59.40, 35293,   157,
8:59.60, 35374,  1673,
8:59.80, 35428,  3992,
9:00.00, 35482,  4022,
9:00.20, 35561,  4009,
9:00.40, 35561,  3021,
9:00.60, 35595,  2553,
9:00.80, 35605,  1839,
9:01.00, 35621,  2023,
9:01.20, 35635,  2178,
9:01.40, 35635,  1659,
9:01.60, 35644,  1915,
9:01.80, 35645,  3102,
9:02.00, 35633,  2204,
9:02.20, 35633,  1940,
9:02.40, 35633,  2095,
9:02.60, 35656,  1839,
9:02.80, 35687,  1990,
9:03.00, 35720,  1930,
9:03.20, 35754,  2009,
9:03.40, 35796,  2185,
9:03.60, 35796,  1829,
9:03.80, 35849,  2089,
9:04.00, 35908,  1741,
9:04.20, 35962,  2334,
9:04.40, 36004,  1946,
9:04.60, 36004,  2106,
9:04.80, 36035,  2128,
9:05.00, 36056,  1726,
9:05.20, 36079,  1989,
9:05.40, 36099,  3032,
9:05.60, 36122,  2454,
9:05.80, 36122,  1627,
9:06.00, 36145,  1932,
9:06.20, 36166,  1574,
9:06.40, 36181,  2328,
9:06.60, 36183,  2057,
9:06.80, 36183,  1916,
9:07.00, 36182,  2019,
9:07.20, 36162,  1834,
9:07.40, 36120,  1846,
9:07.60, 36083,  2002,
9:07.80, 36083,  2578,
9:08.00, 36029,  1616,
9:08.20, 35924,  1680,
9:08.40, 35875,  1692,
9:08.60, 35868,  1976,
9:08.80, 35899,  1897,
9:09.00, 35899,  1967,
9:09.20, 36009,  2044,
9:09.40, 36094,  1878,
9:09.60, 36139,  2077,
9:09.80, 36162,  1881,
9:10.00, 36162,  2020,
9:10.20, 36177,  2028,
9:10.40, 36192,  2018,
9:10.60, 36210,  2003,
9:10.80, 36235,  1837,
9:11.00, 36261,  2048,
9:11.20, 36261,  2111,
9:11.40, 36281,  2496,
9:11.60, 36288,  2189,
9:11.80, 36288,  2211,
9:12.00, 36287,  1888,
9:12.20, 36287,  2349,
9:12.40, 36289,  2118,
9:12.60, 36301,  2397,
9:12.80, 36322,  2374,
9:13.00, 36347,  1929,
9:13.20, 36370,  1661,
9:13.40, 36370,  3169,
9:13.60, 36384,  1500,
9:13.80, 36400,  3873,
9:14.00, 36417,  1983,
9:14.20, 36432,  1873,
9:14.40, 36432,  1765,
9:14.60, 36449,  1976,
9:14.80, 36451,  1476,
9:15.00, 36439,  1455,
9:15.20, 36421,  1898,
9:15.40, 36421,  2284,
9:15.60, 36393,  2365,
9:15.80, 36363,  2575,
9:16.00, 36343,  1883,
9:16.20, 36357,  2209,
9:16.40, 36417,  2770,
9:16.60, 36417,  2221,
9:16.80, 36497,  1356,
9:17.00, 36561,  3282,
9:17.20, 36597,  2002,
9:17.40, 36592,   787,
9:17.60, 36592,  2000,
9:17.80, 36550,  2150,
9:18.00, 36472,  2551,
9:18.20, 36362,  2863,
9:18.40, 36266,  1662,
9:18.60, 36210,  1381,
9:18.80, 36210,  1874,
9:19.00, 36211,  1131,
9:19.20, 36258,  1558,
9:19.40, 36307,  1856,
9:19.60, 36349,  2403,
9:19.80, 36349,  2180,
9:20.00, 36383,  3256,
9:20.20, 36399,  2989,
9:20.40, 36402,  2327,
9:20.60, 36392,  3237,
9:20.80, 36392,  2442,
9:21.00, 36376,  2180,
9:21.20, 36361,  2938,
9:21.40, 36350,  2468,
9:21.60, 36339,  2091,
9:21.80, 36330,  2003,
9:22.00, 36330,  2238,
9:22.20, 36324,  1507,
9:22.40, 36320,  1373,
9:22.60, 36319,  1215,
9:22.80, 36322,  1959,
9:23.00, 36322,  2038,
9:23.20, 36320,  1701,
9:23.40, 36298,  2226,
9:23.60, 36245,  2288,
9:23.80, 36162,  3684,
9:24.00, 36049,  3171,
9:24.20, 36049,  2102,
9:24.40, 35917,  2227,
9:24.60, 35723,  1713,
9:24.80, 35489,  1534,
9:25.00, 35267,   565,
9:25.20, 35267,  1366,
9:25.40, 35120,  1949,
9:25.60, 35142,  1912,
9:25.80, 35279,  2046,
9:26.00, 35474,  2400,
9:26.20, 35636,  2035,
9:26.40, 35636,  2058,
9:26.60, 35725,  2360,
9:26.80, 35772,  2038,
9:27.00, 35790,  2286,
9:27.20, 35805,  2332,
9:27.40, 35805,  2038,
9:27.60, 35827,  2520,
9:27.80, 35871,  1668,
9:28.00, 35923,  1639,
9:28.20, 35967,  2059,
9:28.40, 35967,  2678,
9:28.60, 36040,  1741,
9:28.80, 36093,  2379,
9:29.00, 36137,  1961,
9:29.20, 36208,  2142,
9:29.40, 36253,  1941,
9:29.60, 36253,  2035,
9:29.80, 36287,  1830,
9:30.00, 36315,  2099,
9:30.20, 36315,  2067,
9:30.40, 36301,  1574,
9:30.60, 36301,  2332,
9:30.80, 36288,  2119,
9:31.00, 36282,  2232,
9:31.20, 36286,  2057,
9:31.40, 36303,  2180,
9:31.60, 36326,  2000,
9:31.80, 36326,  1921,
9:32.00, 36347,  2154,
9:32.20, 36357,  1884,
9:32.40, 36353,  2293,
9:32.60, 36338,  1717,
9:32.80, 36338,  1905,
9:33.00, 36321,  1912,
9:33.20, 36313,  2060,
9:33.40, 36314,  2411,
9:33.60, 36331,  2164,
9:33.80, 36353,  2065,
9:34.00, 36353,  2215,
9:34.20, 36370,  2148,
9:34.40, 36371,  2055,
9:34.60, 36348,  3304,
9:34.80, 36316,  2756,
9:35.00, 36316,   572,
9:35.20, 36289,  1467,
9:35.40, 36267,  3283,
9:35.60, 36256,  2874,
9:35.80, 36252,  2058,
9:36.00, 36252,  1421,
9:36.20, 36247,  1797,
9:36.40, 36238,  2416,
9:36.60, 36240,  2297,
9:36.80, 36248,  2567,
9:37.00, 36261,  1946,
9:37.20, 36261,  2077,
9:37.40, 36286,  2200,
9:37.60, 36299,  1860,
9:37.80, 36299,  2213,
9:38.00, 36285,  1128,
9:38.20, 36285,  1905,
9:38.40, 36271,  1768,
9:38.60, 36265,  2046,
9:38.80, 36270,  2032,
9:39.00, 36282,  2157,
9:39.20, 36288,  1776,
9:39.40, 36288,  3347,
9:39.60, 36287,  3289,
9:39.80, 36287,  1050,
9:40.00, 36298,  1508,
9:40.20, 36308,  2152,
9:40.40, 36308,  2353,
9:40.60, 36325,  2485,
9:40.80, 36338,  1049,
9:41.00, 36315,  3070,
9:41.20, 36302,  2050,
9:41.40, 36302,  1844,
9:41.60, 36293,  2184,
9:41.80, 36286,  2256,
9:42.00, 36311,  2189,
9:42.20, 36336,  2123,
9:42.40, 36352,  2161,
9:42.60, 36352,  2015,
9:42.80, 36362,  1773,
9:43.00, 36351,  2001,
9:43.20, 36323,  1923,
9:43.40, 36295,  2050,
9:43.60, 36295,  2060,
9:43.80, 36274,  2202,
9:44.00, 36267,  2102,
9:44.20, 36267,  1900,
9:44.40, 36265,  2210,
9:44.60, 36254,  1988,
9:44.80, 36254,  2278,
9:45.00, 36250,  2224,
9:45.20, 36261,  2311,
9:45.40, 36281,  1877,
9:45.60, 36300,  3194,
9:45.80, 36300,  3482,
9:46.00, 36319,  2834,
9:46.20, 36332,  3431,
9:46.40, 36332,  2131,
9:46.60, 36335,  1125,
9:46.80, 36339,  2598,
9:47.00, 36339,  2921,
9:47.20, 36314,  2209,
9:47.40, 36214,  2274,
9:47.60, 36043,  2103,
9:47.80, 35826,  2273,
9:48.00, 35826,  2127,
9:48.20, 35625,  2171,
9:48.40, 35509,  1721,
9:48.60, 35469,  2278,
9:48.80, 35467,  1928,
9:49.00, 35467,  1287,
9:49.20, 35477,   668,
9:49.40, 35515,  1446,
9:49.60, 35602,  3221,
9:49.80, 35689,  2912,
9:50.00, 35729,  2627,
9:50.20, 35729,  2219,
9:50.40, 35708,  1969,
9:50.60, 35618,  2038,
9:50.80, 35523,  2479,
9:51.00, 35509,  2521,
9:51.20, 35509,   680,
9:51.40, 35545,  1734,
9:51.60, 35591,  2800,
9:51.80, 35574,  2773,
9:52.00, 35429,  2937,
9:52.20, 35234,    73,
9:52.40, 35234,  1228,
9:52.60, 35079,  2685,
9:52.80, 35042,  2038,
9:53.00, 35125,  1801,
9:53.20, 35246,  1722,
9:53.40, 35246,  1996,
9:53.60, 35338,  1735,
9:53.80, 35401,  3914,
9:54.00, 35451,  3498,
9:54.20, 35475,  2961,
9:54.40, 35475,  2649,
9:54.60, 35438,  2349,
9:54.80, 35297,  1793,
9:55.00, 35070,   571,
9:55.20, 34843,   895,
9:55.40, 34748,  1777,
9:55.60, 34748,  1813,
9:55.80, 34853,  1816,
9:56.00, 35125,  2210,
9:56.20, 35461,  2229,
9:56.40, 35766,  1978,
9:56.60, 35766,  1902,
9:56.80, 35990,  1890,
9:57.00, 36109,  2547,
9:57.20, 36174,  2197,
9:57.40, 36235,  2334,
9:57.60, 36283,  2095,
9:57.80, 36283,  1943,
9:58.00, 36356,  1802,
9:58.20, 36437,  2093,
9:58.40, 36483,  2251,
9:58.60, 36511,  2262,
9:58.80, 36511,  2479,
9:59.00, 36533,  2369,
9:59.20, 36551,  2346,
9:59.40, 36568,  2363,
9:59.60, 36579,  2354,
9:59.80, 36584,  2383,
10:00.00, 36584,  2359,
,,,
